position,artist,name
4070,702,Where My Girls At?
4419,"10,000 Maniacs",Because the Night
388,10CC,I'm Not in Love
827,1910 Fruitgum Co,Simon Says
4417,2 In A Room,Wiggle It
865,2 Unlimited,No Limit
3282,20 Fingers,Short Dick Man
1648,2Pac,Changes
902,2Pac & Dr Dre,California Love
2967,2Pac & Elton John,Ghetto Gospel
3738,3OH!3,Don't Trust Me
3763,3OH!3 & Ke$ha,"Blah, Blah, Blah"
1922,3T,Anything
4088,4 The Cause,Stand By Me
3666,4pm,Sukiyaki
53,50 Cent,In Da Club
1114,50 Cent & Justin Timberlake,Ayo Technology
623,50 Cent & Olivia,Candy Shop
2569,5000 Volts,I'm On Fire
3615,98 Degrees,Give Me Just One Night
2931,A Flock of Seagulls,I Ran (So Far Away)
1503,A R Rahman & The Pussycat Dolls,Jay Ho (you Are My Destiny)
1259,A Taste of Honey,Boogie Oogie Oogie
899,Aaliyah,Try Again
4060,Aaron Neville,Tell it Like it Is
28,Abba,Dancing Queen
1949,ABC,The Look of Love
3782,AC/DC,You Shook Me All Night Long
4566,Ace,How Long?
56,Ace of Base,The Sign
3857,Adam & The Ants,Antmusic
2714,Adam Ant,Goody Two Shoes
1833,Adam Clayton & Larry Mullen,Theme From 'Mission Impossible'
4217,Adam Lambert,What Do You Want From Me?
3023,Adamski,Killer
159,Adele,Rolling In The Deep
3759,Adina Howard,Freak Like Me
86,Aerosmith,I Don't Want to Miss a Thing
740,Afroman,Because I Got High
113,A-Ha,Take On Me
2033,Air Supply,All Out of Love
235,Akon,Lonely
1198,Akon & Snoop Dogg,I Wanna Love You
439,Al Dexter & his Troopers,Pistol Packin' Mama
555,Al Green,Let's Stay Together
917,Al Hibbler,Unchained Melody
4764,Al Hirt,Java
406,Al Jolson,Swanee
407,Al Martino,Here in My Heart
3289,Al Stewart,Year of the Cat
1627,Al Trace,You Call Everybody Darlin'
4227,Alain Barriere & Noelle Cordier,Tu t'en vas
2699,Alan O'Day,Undercover Angel
397,Alanis Morissette,Ironic
494,Alannah Myles,Black Velvet
1971,Albert Hammond,It Never Rains in Southern California
4806,Alcazar,Crying At the Discoteque
3536,Alex Clare,Too Close
2282,Alexandra Stan,Mr Saxobeat
1282,Alice Cooper,School's Out
2551,Alicia Bridges,I Love the Nightlife
241,Alicia Keys,No One
2289,Alien Ant Farm,Smooth Criminal
3748,Alizee,Moi... Lolita
436,All Saints,Never Ever
71,All-4-One,I Swear
2042,All-American Rejects,Gives You Hell
4603,Allan Sherman,Hello Muddah Hello Faddah
1744,Alphaville,Big in Japan
2192,Alveno Rey,Deep in the Heart of Texas
2759,Alvin Stardust,My Coo-Ca-Choo
802,America,Horse With No Name
2342,American Breed,Bend Me Shape Me
3472,American Quartet,Over There
1905,Amerie,1 Thing
508,Amii Stewart,Knock On Wood
993,Amy Grant,Baby Baby
2047,Amy Macdonald,This is the Life
543,Amy Winehouse,Rehab
1218,Anastacia,I'm Outta Love
1822,Andrea True Connection,"More, More, More"
4657,Andru Donalds,Mishale
539,Andy Gibb,Shadow Dancing
2544,Andy Kim,Rock Me Gently
2956,Andy Williams,Butterfly
1613,Aneka,Japanese Boy
4765,Animotion,Obsession
3819,Anita Baker,Giving You The Best That I Got
3655,Anita O'Day,Tennessee Waltz
390,Anita Ward,Ring My Bell
4431,Ann Lee,2 Times
1599,Anne Murray,You Needed Me
3513,Anne Shelton,Lay Down Your Arms
1172,Annie Lennox,No More 'I Love Yous'
169,Anton Karas,Third Man Theme
3361,Aphrodite's Child,Rain & Tears
125,Aqua,Barbie Girl
4029,Arcadia,Election Day
3864,Archie Bell & The Drells,Tighten Up
4780,Archie Bleyer,Hernando's Hideaway
107,Archies,Sugar Sugar
4061,Arctic Monkeys,Brianstorm
635,Aretha Franklin,Respect
1057,Aretha Franklin & George Michael,I Knew You Were Waiting (For Me)
4007,Argent,Hold Your Head Up
3144,Arrested Development,Mr Wendal
1953,Art Garfunkel,Bright Eyes
2343,Art Lund,Mam'selle
652,Art Mooney,I'm Looking Over a Four Leaf Clover
3591,Art Tatum,Tea For Two
2585,Arthur Conley,Sweet Soul Music
2847,Arthur Gibbs & his Gang,Charleston
2385,Arthur Godfrey,Too Fat Polka (I Don't Want Her-You Can Have Her-She's Too Fat For Me)
644,Artie Shaw,Begin the Beguine
1605,Ashanti,Foolish
2648,Ashford & Simpson,Solid
1982,Ashlee Simpson,Pieces of Me
2996,Asia,Heat of the Moment
2944,Association,Cherish
4103,ATB,9pm (Till I Come)
3355,ATC,Around The World (La La La La La)
1808,Atlantic Starr,Always
1352,Atomic Kitten,Whole Again
2299,Aventura,Obsession
2530,Average White Band,Pick Up the Pieces
1061,Avicii,Wake Me Up
160,Avril Lavigne,Girlfriend
2126,Az Yet,Hard to Say I'm Sorry
459,B J Thomas,Raindrops Keep Falling On My Head
1477,B*Witched,C'est La Vie
3089,B2K & P Diddy,Bump Bump Bump
1828,Baby Bash,Suga Suga
4051,Babyface,Everytime I Close My Eyes
547,Babylon Zoo,Spaceman
563,Baccara,"Yes Sir, I Can Boogie"
435,Bachman-Turner Overdrive,You Ain't Seen Nothin' Yet
2751,Bad English,When I See You Smile
2051,Badfinger,Day After Day
996,Baha Men,Who Let the Dogs Out?
982,Baltimora,Tarzan Boy
672,Bananarama,Venus
204,Band Aid,Do They Know It's Christmas?
1113,Band Aid 20,Do They Know It's Christmas?
4211,Barbara George,I Know (You Don't Love Me No More)
47,Barbra Streisand,A Woman in Love
2542,Barbra Streisand & Barry Gibb,Guilty
1501,Barbra Streisand & Bryan Adams,I Finally Found Someone
1437,Barbra Streisand & Donna Summer,No More Tears (Enough is Enough)
1560,Barbra Streisand & Neil Diamond,You Don't Bring Me Flowers
2245,Barenaked Ladies,One Week
1307,Barry Manilow,Mandy
1128,Barry McGuire,Eve of Destruction
632,Barry Ryan,Eloise
772,Barry White,"You're the First, the Last, My Everything"
3955,Baz Luhrmann,Everybody's Free (To Wear Sunscreen)
4255,BB King,The Thrill is Gone
2214,Beats International,Dub Be Good to Me
1299,Beck,Loser
16,Bee Gees,Stayin' Alive
610,Belinda Carlisle,Heaven is a Place On Earth
3022,Bell Biv Devoe,Poison
577,Bellamy Brothers,Let Your Love Flow
4564,Bellini,Samba De Janeiro
1350,Ben Bernie,Sweet Georgia Brown
142,Ben E King,Stand By Me
1573,Ben Selvin,Happy Days Are Here Again
860,Benny Goodman,"Sing, Sing, Sing (With A Swing)"
4159,Benny Mardones,Into the Night
154,Berlin,Take My Breath Away
1574,Bert Kaempfert & his Orchestra,Wonderland By Night
4448,Bertolt Brecht,Mack the Knife
1020,Bessie Smith,Down Hearted Blues
1575,Bette Midler,Wind Beneath My Wings
2390,Betty Hutton,"Doctor, Lawyer, Indian Chief"
101,Beyonce,Crazy in Love
1094,Beyonce & Jay-Z,Deja Vu
224,Beyonce & Shakira,Beautiful Liar
3129,Big Bopper,Chantilly Lace
4840,Big Brother & the Holding Company,Piece of My Heart
4874,Big Brovaz,Nu Flow
677,Big Mountain,"Baby, I Love Your Way"
2923,Bill Conti,Gonna Fly Now (Theme From 'Rocky')
2598,Bill Doggett,Honky Tonk
2,Bill Haley & his Comets,Rock Around the Clock
2712,Bill Hayes,Ballad of Davy Crockett
3996,Bill Justis,Raunchy
281,Bill Medley & Jennifer Warnes,(I've Had) the Time of My Life
3695,Bill Monroe,Blue Moon of Kentucky
1412,Bill Withers,Lean On Me
1193,Billie Holiday,Strange Fruit
3976,Billie Myers,Kiss the Rain
4786,Billy Cotton & his Band,The Petite Waltz (La Petite Valse)
1525,Billy Eckstine,My Foolish Heart
2325,Billy Idol,Cradle of Love
4232,Billy J Kramer & The Dakotas,Little Children
491,Billy Joel,The River of Dreams
3080,Billy Jones,Yes! We Have No Bananas
425,Billy Ocean,Get Outta My Dreams Get Into My Car
1874,Billy Paul,Me & Mrs Jones
2998,Billy Preston,Will It Go Round In Circles
3033,Billy Preston & Syreeta,With You I'm Born Again
897,Billy Ray Cyrus,Achy Breaky Heart
325,Billy Swan,I Can Help
1700,Billy Vaughn,Sail Along Silvery Moon
3433,Billy Vera,At This Moment
3679,Billy Ward & The Dominoes,Sixty Minute Man
4618,Billy Whitlock,Hop Scotch Polka
4977,Bimbo Jet,El Bimbo
1,Bing Crosby,White Christmas
1748,Bing Crosby & Carmen Cavallaro,I Can't Begin to Tell You
4111,Bing Crosby & Connee Boswell,Alexander's ragtime band
2366,Bing Crosby & Grace Kelly,True Love
1249,Bing Crosby & Les Paul,"It's Been a Long, Long Time"
153,Bing Crosby & The Andrews Sisters,Don't Fence Me In
3222,Bing Crosby & The Jesters,Sioux City Sue
4064,Bing Crosby & The Mills Brothers,Dinah
4328,Bing Crosby & Trudy Erwin,"Oh, What a Beautiful Mornin'"
3830,Bix Beiderbecke,In a Mist
3494,Bjork,Army of Me
3322,Black,Wonderful Life
2290,Black Box,Ride On Time
1374,Black Sabbath,Paranoid
1053,BLACKstreet & Dr Dre,No Diggity
4938,BLACKstreet & Mya,Take Me There
4133,Blessid Union of Souls,I Believe
3860,Blind Lemon Jefferson,Matchbox Blues
2581,Blind Melon,No Rain
3570,Blind Willie Johnson,"Dark Was the Night, Cold Was the Ground"
2268,blink-182,All the Small Things
87,Blondie,Heart of Glass
2041,Blood Sweat & Tears,Spinning Wheel
1073,Bloodhound Gang,The Bad Touch
2023,Blu Cantrell,Breathe
3526,Blue & Elton John,Sorry Seems to Be the Hardest Word
2531,Blue Barron & Orchestra,Cruising Down the River
3973,Blue Cheer,Summertime Blues
2428,Blue Diamonds,Ramona
4294,Blue Magic,Sideshow
2445,Blue Swede,Hooked On a Feeling
4958,Blues Traveler,Run Around
1772,Blur,Country House
4852,Bo Diddley,Bo Diddley
3408,Bo Donaldson & the Heywoods,"Billy, Don't Be a Hero"
983,BoB & Bruno Mars,Nothin' on You
844,BoB & Hayley Williams,Airplanes
3676,Bob Azzam,Mustapha
4993,Bob Crosby & his Orchestra,Whispers in The Dark
533,Bob Dylan,Like a Rolling Stone
2230,Bob Hope & Shirley Ross,Thanks For the Memory
4473,Bob Luman,Let's Think About Living
1875,Bob Marley,"No Woman, No Cry"
1809,Bob Moore,Mexico
2552,Bob Seger & The Silver Bullet Band,Shake Down
1333,"Bob Sinclar, Goleo VI & Gary 'Nesta' Pine",Love Generation
3416,Bob Wills & his Texas Playboys,New San Antonio Rose
1419,Bobbie Gentry,Ode To Billie Joe
3916,Bobby Bloom,Montego Bay
1820,Bobby 'Boris' Pickett & The Crypt-Kickers,The Monster Mash
930,Bobby Brown,Humpin' Around
23,Bobby Darin,Mack the Knife
3958,Bobby Day,Rockin' Robin
4682,Bobby Freeman,Do You Want to Dance?
4846,Bobby Fuller Four,I Fought the Law
482,Bobby Goldsboro,Honey
2945,Bobby Hebb,Sunny
3564,Bobby Helms,My Special Angel
1847,Bobby Lewis,Tossing & Turning
242,Bobby McFerrin,Don't Worry Be Happy
3318,Bobby Rydell,The Wild One
4052,Bobby Sherman,Little Woman
2263,Bobby Vee,Take Good Care of My Baby
849,Bobby Vinton,Roses Are Red
1388,Bomfunk MCs,Freestyler
272,Bon Jovi,Always
1208,Bone Thugs-n-Harmony,Tha Crossroads
132,Boney M,Rivers of Babylon
4198,Bonnie Raitt,Love Sneakin' Up On You
276,Bonnie Tyler,Total Eclipse of the Heart
1205,Booker T & the MGs,Green Onions
3674,Boris Gardiner,I Want to Wake Up With You
1610,Boston,More Than a Feeling
4779,Bowling For Soup,1985
2090,Boy George,Everything I Own
3893,Boy Meets Girl,Waiting For a Star to Fall
4398,Boystown Gang,Can't Take My Eyes Off You
75,Boyz II Men,End of the Road
1284,Boyzone,No Matter What
4446,Boz Scaggs,Lowdown
1866,Brandy,Have You Ever?
91,Brandy & Monica,The Boy is Mine
2905,Bread,Make it With You
3525,Breathe,Hands to Heaven
807,Brenda Lee,I'm Sorry
4655,Brenda Russell,Piano in the Dark
2521,Brenton Wood,Gimme Little Sign
1246,Brian Hyland,Itsy Bitsy Teeny Weeny Yellow Polka Dot Bikini
4715,Brian McFadden & Delta Goodrem,Almost Here
2534,Brian McKnight,Back At One
29,Britney Spears,Baby One More Time
579,Britney Spears & Madonna,Me Against the Music
2492,Bronski Beat,Smalltown Boy
3267,Brook Benton,Rainy Night in Georgia
3352,Bros,When Will I Be Famous?
642,Brotherhood of Man,Save All Your Kisses For Me
2611,Brothers Four,Greenfields
3540,Brothers Johnson,Stomp!
2859,Brownstone,If You Love Me
4850,Brownsville Station,Smokin' in the Boys' Room
2187,Bruce Channel,Hey Baby
1527,Bruce Hornsby & The Range,The Way it Is
76,Bruce Springsteen,Streets of Philadelphia
188,Bruno Mars,Grenade
5,Bryan Adams,(Everything I Do) I Do it For You
3201,Bryan Adams & Melanie C,When You're Gone
143,"Bryan Adams, Rod Stewart & Sting",All For Love
4877,Bucketheads,The Bomb! (These Sounds Fall Into My Mind)
2344,Bucks Fizz,Making Your Mind Up
4450,Buddy Clark,Peg o' My Heart
376,Buddy Holly,That'll Be the Day
4941,Buddy Knox,Party Doll
2671,Buffalo Springfield,"For What It's Worth (Stop, Hey What's That Sound)"
743,Buggles,Video Killed the Radio Star
4818,Bunny Berigan,I Can't Get Started
4251,Burl Ives,Lavender Blue
2276,Busta Rhymes,"Turn It Up, Fire It Up"
2322,Busta Rhymes & Mariah Carey,I Know What You Want
1719,Buzz Clifford,Baby Sittin' Boogie
1456,C W McCall,Convoy
528,C&C Music Factory,Gonna Make You Sweat (Everybody Dance Now)
1190,Cab Calloway & his Cotton Club Orchestra,Minnie the Moocher
4329,Calloway,I Wanna Be Rich
4474,Calvin Harris,Feel So Close
2575,Cameo,Word Up
3351,Candi Staton,Young Hearts Run Free
2951,Canned Heat,On the Road Again
4043,Cappella,Move On Baby
424,Captain & Tennille,Love Will Keep Us Together
1652,Captain Hollywood Project,More & More
62,Carl Douglas,Kung Fu Fighting
922,Carl Perkins,Blue Suede Shoes
243,Carly Rae Jepsen,Call Me Maybe
211,Carly Simon,You're So Vain
2915,Carol Douglas,Doctor's Orders
617,Carole King,It's Too Late
513,Carpenters,(They Long to Be) Close to You
4573,Carrapicho & Chilli,Tic Tic Tac (Dance To Boi Bumba!)
4512,Carrie Underwood,Inside Your Heaven
1600,Cascada,Everytime We Touch
2043,Cascades,Rhythm of the Rain
2446,Cassie,Me & U
4627,Casuals,Jesamine
2481,Cat Stevens,Morning Has Broken
2916,Cathy Dennis,Touch Me (All Night Long)
1676,Ce Ce Peniston,Finally
1239,Cee-Lo Green,F**k You/forget You
4,Celine Dion,My Heart Will Go On
3481,Celine Dion & Bee Gees,Immortality
1990,Celine Dion & Peabo Bryson,Beauty & the Beast
1513,Celine Dion & R Kelly,I'm Your Angel
1157,Chad Kroeger,The Hero
3742,Chairman of The Board,Give Me Just a Little More Time
834,Chaka Khan,I Feel For You
4316,Champaign,How 'bout Us
538,Champs,Tequila
3415,Chantays,Pipeline
1364,Charlene,I've Never Been to Me
953,Charles & Eddie,Would I Lie to You?
4423,Charles Aznavour,She
4090,Charley Patton,Pony Blues
3498,Charlie Daniels Band,The Devil Went Down to Georgia
4607,Charlie Gracie,Butterfly
1557,Charlie Rich,The Most Beautiful Girl
3698,Chauncy Olcott,When Irish Eyes Are Smiling
1860,Cheap Trick,The Flame
15,Cher,Believe
4469,Cheryl Lynn,Got To Be Real
1725,Chesney Hawkes,The One & Only
120,Chic,Le Freak
124,Chicago,If You Leave Me Now
2587,Chicory Tip,Son of My Father
2419,Chingy,Right Thurr
3581,Chords,Sh-Boom (Life Could Be a Dream)
1807,Chris Andrews,Yesterday Man
1079,Chris Barber's Jazz Band,Petite Fleur (Little Flower)
1004,Chris Brown,Forever
777,Chris Brown & Juelz Santana,Run It
1204,Chris Brown & T-Pain,Kiss Kiss
4893,Chris Cornell,You Know My Name
516,Chris de Burgh,The Lady in Red
1458,Chris Isaak,Wicked Game
583,Chris Montez,Let's Dance
1637,Chris Norman & Suzi Quatro,Stumblin' In
3134,Chris Rea,Fool (If You Think It's Over)
698,Christie,Yellow River
237,Christina Aguilera,Genie in a Bottle
1767,Christina Aguilera & Redman,Dirrty
112,"Christina Aguilera, Lil' Kim, Mya & Pink",Lady Marmalade (Voulez-Vous Coucher Aver Moi Ce Soir?)
2453,Christina Milian,Dip it Low
3755,Christina Perri,Jar Of Hearts
2487,Christophe,Aline
720,Christopher Cross,Arthur's Theme (Best That You Can Do)
70,Chubby Checker,The Twist
686,Chuck Berry,Johnny B Goode
256,Chumbawamba,Tubthumping
3656,Ciara & Ludacris,Oh
1351,Ciara & Missy 'Misdemeanor' Elliot,1-2 Step
1487,Ciara & Petey Pablo,Goodies
4066,Cilla Black,You're My World
3442,City High,What Would You Do?
2451,Clarence Carter,Patches
2753,Clarence 'Frogman' Henry,I Don't Know Why (But I Do)
4295,Claude King,Wolverton Mountain
1316,Cliff Edwards (Ukelele Ike),When You Wish Upon a Star
649,Cliff Richard,We Don't Talk Anymore
2610,Cliff Richard & The Young Ones,Living Doll
3189,Climax,Precious & Few
4117,Climie Fisher,Love Changes Everything
3909,Clint Holmes,Playground In My Mind
1173,Clout,Substitute
1154,Club Nouveau,Lean On Me
4292,Cobra Starship,Good Girls Go Bad
1008,Colbie Caillat,Bubbly
446,Coldplay,Viva La Vida
4717,Cole Porter,You're the Top
1698,Coleman Hawkins,Body & Soul
706,Color Me Badd,I Wanna Sex You Up
4581,Connells,'74-'75
909,Connie Francis,Who's Sorry Now?
2591,Conny Froboess,Zwei kleine Italiener
1323,Contours,Do You Love Me?
626,Conway Twitty,It's Only Make Believe
11,Coolio,Gangsta's Paradise
1515,Coolio & 40 Thevz,C U When U Get There
4002,Corinne Bailey Rae,Put Your Records On
4782,Cornelius Brothers & Sister Rose,Too Late To Turn Back Now
4346,Cornershop,Brimful of Asha
1811,Corona,Rhythm of the Night
1289,Count Basie,One O'Clock Jump
1441,Counting Crows,Mr Jones
4712,Cover Girls,Wishing On a Star
2154,Craig David,Walking Away
1375,Craig Douglas,Only Sixteen
478,Crash Test Dummies,Mmm Mmm Mmm Mmm
498,Crazy Frog,Axel F
918,Crazy Town,Butterfly
1223,Crazy World of Arthur Brown,Fire
1699,Cream,White Room
2995,Creed,With Arms Wide Open
475,Creedence Clearwater Revival,Proud Mary
2204,Crispian St Peters,Pied Piper
4020,"Crosby, Stills, Nash & Young",Ohio
988,Crowded House,Don't Dream It's Over
2279,Crystal Gayle,Don't it Make My Brown Eyes Blue
998,Crystal Waters,Gypsy Woman (La Da Dee)
268,Culture Beat,Mr Vain
84,Culture Club,Karma Chameleon
2590,Curtis Mayfield,Superfly
4649,Cut 'N' Move,Give it Up
1126,Cutting Crew,(I Just) Died in Your Arms Tonight
195,Cyndi Lauper,Girls Just Wanna Have Fun
4378,Cyrkle,Red Rubber Ball
2883,D:Ream,He Loves U Not
524,D12,My Band
3118,Daddy Yankee,Gasolina
1832,Daft Punk,One More Time
1640,Daft Punk & Pharrell Williams,Get Lucky
2736,Dale & Grace,I'm Leaving it (All) Up to You
4572,Damn Yankees,High Enough
3159,Dan Hartman,I Can Dream About You
3399,Dan Hill,Sometimes When We Touch
3042,Dana,All Kinds of Everything
2983,Daniel Bedingfield,Gotta Get Thru This
612,Daniel Boone,Beautiful Sunday
262,Daniel Powter,Bad Day
1192,Danny & The Juniors,At the Hop
4439,Danny Mirror,I Remember Elvis Presley (The King is Dead)
3397,Dante Thomas,Miss California
1713,Danyel Gerard,Butterfly
4153,Dario G,Sunchyme
2323,Darude,Sandstorm
3452,Daughtry,It's Not Over
4588,Dave & Ansil Collins,Double Barrel
2205,Dave Brubeck,Take Five
1886,Dave Clark Five,Glad All Over
3440,"Dave Dee, Dozy, Beaky, Mick & Tich",Legend of Xanadu
1230,Dave Edmunds,I Hear You Knockin'
4406,David A Stewart,Lily Was Here
2562,David A Stewart & Barbara Gaskin,It's My Party
232,David Bowie,Let's Dance
1087,David Bowie & Mick Jagger,Dancing in the Street
3584,David Bowie & The Pat Metheny Group,This is Not America
4625,David Cassidy,Cherish
1894,David Dundas,Jeans On
2612,David Essex,Rock On
302,David Guetta & Akon,Sexy Chick (sexy Bitch)
3697,David Guetta & Chris Willis,Getting Over You
1592,David Guetta & Kelly Rowland,When Love Takes Over
3567,David Guetta & Nicki Minaj,Turn Me On
3839,David Guetta & Sia,Titanium
3031,David Guetta & Usher,Without You
2756,"David Guetta, Flo-Rida & Nicki Minaj",Where Them Girls At
3662,David Rose,The Stripper
2588,David Seville & The Chipmunks,Witch Doctor
1037,David Soul,Don't Give Up On Us
1455,David Whitfield & Mantovani,Cara Mia
2391,Dawn,Candida
1267,Dead Or Alive,You Spin me 'round (Like a Record)
462,Dean Martin,Memories Are Made of This
3373,DeBarge,Rhythm of the Night
575,Debbie Boone,You Light Up My Life
1867,Debbie Gibson,Lost in Your Eyes
880,Debbie Reynolds,Tammy
3594,Debbie Reynolds & Carleton Carpenter,The Aba Daba Honeymoon
3634,Debelah Morgan,Dance With Me
3082,Dee Clark,Raindrops
3257,Dee Dee Sharp,Mashed Potato Time
1058,Deee-Lite,Groove is in the Heart
1255,Deep Blue Something,Breakfast At Tiffany's
1395,Deep Purple,Smoke On the Water
2021,Def Leppard,Let's Get Rocked
381,Del Shannon,Runaway
2141,Demis Roussos,"Goodbye, My Love, Goodbye"
1819,Deniece Williams,Let's Hear it For the Boy
596,Depeche Mode,Enjoy the Silence
944,Derek & The Dominos,Layla
2640,Desireless,Voyage Voyage
1009,Desmond Dekker,Israelites
1379,Des'ree,Life
378,Destiny's Child,Lose My Breath
3045,Destiny's Child & T.I. & Lil' Wayne,Soldier
2677,Devo,Whip It
299,Dexys Midnight Runners,Come On Eileen
3899,DHT & Edmee,Listen to Your Heart
556,Diana King,Shy Guy
102,Diana Ross,Upside Down
207,Diana Ross & Lionel Richie,Endless Love
1740,Diana Ross & The Supremes,Love Child
3999,Diana Ross & The Supremes & The Temptations,I'm Gonna Make You Love Me
342,Dick Haymes,You'll Never Know
2512,Diddy Dirty Money,Coming Home
308,Dido,White Flag
158,Dinah Shore,Buttons & Bows
1361,Dion,Runaround Sue
2607,Dion & The Belmonts,A Teenager in Love
2197,Dionne Farris,I Know
1621,Dionne Warwick,Heartbreaker
170,Dionne Warwick & Friends,That's What Friends Are For
3402,Dionne Warwick & The Detroit Spinners,Then Came You
500,Dire Straits,Money For Nothing
2584,Divinyls,I Touch Myself
2464,Dixie Cups,Chapel of Love
4630,Dizzy Gillespie,Manteca
3806,DJ BoBo,Chihuahua
833,DJ Jazzy Jeff & The Fresh Prince,Boom! Shake the Room
3012,DJ Jurgen & Alice DeeJay,Better Off Alone
3487,DJ Otzi,"Hey Baby (Uuh, Aah)"
1850,DJ Sammy & Yanou,Heaven
752,DNA & Suzanne Vega,Tom's Diner
3087,Dobie Gray,Drift Away
4592,Doctor & The Medics,Spirit in the Sky
734,Dolly Parton,9 to 5
259,Domenico Modugno,Volare
2727,Don Azpiazu & his Havana Casino Orchestra,The Peanut Vendor
850,Don Cornell,Hold My Hand
4041,Don Costa,Never On Sunday
904,Don Henley,The Boys of Summer
141,Don McLean,American Pie
731,Donna Lewis,I Love You Always Forever
246,Donna Summer,Hot Stuff
945,Donny Osmond,Puppy Love
2079,Donny Osmond & Marie Osmond,I'm Leaving it (All) Up to You
1297,Donovan,Atlantis
4086,Dooley Wilson,As Time Goes By
4420,Doop,Doop
81,Doris Day,Que sera sera (Whatever will be will be)
2256,Doris Day & Buddy Clark,Love Somebody
3511,Dorothy Moore,Misty Blue
3423,Double,The Captain of Her Heart
4202,Double You,Please Don't Go
2065,Dr Alban,It's My Life
3793,Dr Dre & Snoop Dogg,Nuthin' But a 'G' Thang
961,Dr Hook,Sylvia's Mother
3179,Drake & Rihanna,Take Care
4245,Dramatics,In The Rain
2852,Dreamweavers,It's Almost Tomorrow
3195,Dru Hill,How Deep is Your Love?
2929,Duane Eddy,Because They're Young
4171,Duck Sauce,Barbra Streisand
520,Duffy,Mercy
2073,Duke Ellington,Black & Tan Fantasy
638,Duran Duran,A View to a Kill
2383,Dusty Springfield,Son of a Preacher Man
1112,Dusty Springfield & The Pet Shop Boys,What Have I Done to Deserve This
1551,Eagle-Eye Cherry,Save Tonight
93,Eagles,Hotel California
245,Eamon,F**k it (I Don't Want You Back)
1254,"Earth, Wind & Fire",Let's Groove
1989,East 17,Stay Another Day
3188,Ed Sheeran,The 'A' Team
1647,Eddie Calvert,Oh My Papa (O Mein Papa)
1495,Eddie Cantor,Makin' Whoopee
1836,Eddie Cochran,Summertime Blues
736,Eddie Fisher,I'm Walking Behind You
2876,Eddie Hodges,I'm Gonna Knock On Your Door
2335,Eddie Holman,(Hey There) Lonely Girl
3517,Eddie Murphy,Party All The Time
3544,Eddy Duchin,Lovely to Look At
1005,Eddy Grant,Electric Avenue
1907,Eddy Howard,To Each His Own
3230,Edelweiss,Bring Me Edelweiss
2360,Edgar Winter Group,Frankenstein
4931,Edie Brickell & The New Bohemians,What I Am
1385,Edison Lighthouse,Love Grows (Where My Rosemary Goes)
1582,Edith Piaf,La Vie En Rose
3842,Edward Bear,The Last Song
980,Edward Maya & Vika Jigulina,Stereo love
613,Edwin Hawkins Singers,Oh Happy Day
1257,Edwin Starr,War
2910,Edwyn Collins,A Girl Like You
146,Eiffel 65,Blue (Da Ba Dee)
2829,Eileen Barton,If I Knew You Were Comin' I'd Have Baked a Cake
4742,El DeBarge,Who's Johnny
1689,Electric Light Orchestra,Livin' Thing
3067,Elegants,Little Star
1506,Ella Fitzgerald,A-Tisket A-Tasket
1733,Ella Fitzgerald & The Ink Spots,Into Each Life Some Rain Must Fall
2958,Ellie Goulding,Lights
3331,Elmore James,Dust My Broom
10,Elton John,Candle in the Wind '97
130,Elton John & Kiki Dee,Don't Go Breaking My Heart
3844,Elvin Bishop,Fooled Around & Fell in Love
39,Elvis Presley,Are You Lonesome Tonight?
258,Elvis Presley & JXL,A Little Less Conversation
905,EMF,Unbelievable
1735,Emile Ford & The Checkmates,What Do You Want to Make Those Eyes At Me For?
679,Emilia,Big Big World
13,Eminem,Lose Yourself
175,Eminem & Rihanna,Love The Way You Lie
4104,"Eminem, Dr Dre & 50 Cent",Crack A Bottle
1202,En Vogue,Don't Let Go (Love)
851,Engelbert Humperdinck,The Last Waltz
394,Enigma,Sadeness
400,Enrique Iglesias,Hero
2596,Enrique Iglesias & Ludacris,Tonight (I'm F**kin' You)
1417,Enrique Iglesias & Pitbull,I Like It
819,Enya,Orinoco Flow
2223,Erasure,Always
2219,Eric Burdon & War,Spill the Wine
1813,Eric Carmen,All By Myself
229,Eric Clapton,Tears in Heaven
941,Eric Prydz,Call On Me
3300,Eric Weissburg & Steve Mandell,Duelling Banjos
3575,Ernie K-Doe,Mother-In-Law
3987,Eros Ramazzotti,Piu Bella Cosa
1483,Eruption,I Can't Stand the Rain
4973,Erykah Badu,On & On
3787,Essex,Easier Said Than Done
841,Estelle & Kanye West,American Boy
3933,Esther & Abi Ofarim,Cinderella Rockefella
4536,Esther Phillips,What a Difference a Day Makes
4372,Eternal,Stay
4466,Eternal & Bebe Winans,I Wanna Be the Only One
1534,Ethel Waters,Stormy Weather (Keeps Rainin' All the Time)
1994,Etta James,At Last
3828,Eumir Deodato,Also Sprach Zarathustra (2001)
581,Europe,The Final Countdown
231,Evanescence,Bring Me to Life
2814,Eve & Alicia Keys,Gangsta Lovin'
1228,Eve & Gwen Stefani,Let Me Blow Ya Mind
3463,Eve Young,One Silver Dollar
2537,Evelyn 'Champagne' King,Shame
779,Evelyn Knight,A Little Bird Told Me
4143,Evelyn Knight & The Stardusters,Powder Your Face With Sunshine
4306,Evelyn Thomas,High Energy
238,Everything But The Girl,Missing
4408,Exciters,Tell Him
433,Exile,Kiss You All Over
4281,Expose,Seasons Change
471,Extreme,More Than Words
3432,Eydie Gorme,Blame it On the Bossa Nova
414,F R David,Words
1188,Fairground Attraction,Perfect
1891,Faith Hill,Breathe
2193,Faith No More,Easy
1899,Faithless,Insomnia
187,Falco,Rock Me Amadeus
1633,Fall Out Boy,"This Ain't A Scene, It's An Arms Race"
1343,Fanny Brice,My Man
1844,Far East Movement,Like a g6
2395,Fastball,The Way
2550,Fat Boys & Chubby Checker,The Twist (Yo Twist)
2324,Fat Joe,What's Luv?
3646,Fatboy Slim,Praise You
4653,Fatman Scoop,Be Faithful
257,Fats Domino,Blueberry Hill
2315,Fats Waller,Ain't Misbehavin'
4670,Fendermen,Mule Skinner Blues
2035,Fergal Sharkey,A Good Heart
90,Fergie,Big Girls Don't Cry
2864,Fergie & Ludacris,Glamorous
2183,Fergie & will.i.am,Fergalicious
3130,Ferrante & Teicher,Theme From 'Exodus'
3192,Ferry Aid,Let it Be
3777,Fess Parker,Ballad of Davy Crockett
389,Fifth Dimension,Aquarius/Let The Sunshine In
418,Fine Young Cannibals,She Drives Me Crazy
3856,Finger Eleven,Paralyzer
3701,First Class,Beach Baby
3382,Fisk University Jubilee Quartet,"Swing Low, Sweet Chariot"
3371,Five,When the Lights Go Out
1912,Five for Fighting,Superman (It's Not Easy)
1304,Fleetwood Mac,Go Your Own Way
812,Flo-Rida,Whistle
1317,Flo-Rida & David Guetta,Club can't handle me
386,Flo-Rida & Ke$ha,Right Round
1837,Flo-Rida & Sia,The Wild Ones
73,Flo-Rida & T-Pain,Low
3568,Floyd Cramer,Last Date
1075,Fool's Garden,The Lemon Tree
222,Foreigner,I Want to Know What Love Is
3049,Foster the People,Pumped Up Kicks
2855,Fountains of Wayne,Stacy's Mom
721,Four Aces,Love is a Many Splendoured Thing
4586,Four Lads,Skokiaan
264,Four Non Blondes,What's Up?
4708,Foxy,Get Off
4206,France Gall,"Poupee De Cire, Poupee De Son"
501,Francis Craig,Near You
3752,Francis Lai,Theme From 'Love Story'
3601,Francoise Hardy,Tous les garcons & les filles
1328,Frank Chacksfield,Terry's Theme From 'Limelight'
4894,Frank Duval,Angel of Mine
2906,Frank Ifield,I Remember You
2853,Frank Mills,Music Box Dancer
74,Frank Sinatra,Strangers in the Night
4663,Frank Stallone,Far From Over
4895,Frank Weir & Orchestra,Happy Wanderer
3775,Frankee,FURB (F U Right Back)
503,Frankie Avalon,Venus
1882,Frankie Carle,Rumors Are Flying
4861,Frankie Ford,Sea Cruise
249,Frankie Goes To Hollywood,Relax
709,Frankie Laine,Mule Train
1148,Frankie Lymon & The Teenagers,Why Do Fools Fall in Love?
2711,Frankie Trumbauer,Singin' the Blues
514,Frankie Valli,Grease
4701,Frankie Vaughan,Tower of Strength
1831,Franz Ferdinand,Take Me Out
766,Fred Astaire,The Way You Look Tonight
789,Fred Astaire & Leo Reisman,Night & Day
4928,Fred Waring & the Pennsylvanians,Sleep
1219,Freda Payne,Band of Gold
2840,Freddie & The Dreamers,I'm Telling You Now
1339,Freddie Mercury,Living On My Own
4845,Freddy Cannon,Way Down Yonder in New Orleans
2465,Freddy Fender,Before The Next Teardrop Falls
1362,Freddy Martin,Symphony
3858,Freddy Quinn,Junge komm bald wieder
1076,Free,All Right Now
1749,Frida,I Know There's Something Going On
1397,Frijid Pink,House of the Rising Sun
621,fun.,We Are Young
2220,Gabriella Cilmi,Sweet About Me
1916,Gabrielle,Dreams
4179,Gallery,Nice To Be With You
4917,Garbage,The World is Not Enough
3688,Gareth Gates,Anyone of Us (Stupid Mistake)
4490,Gary Barlow,Forever Love
1631,Gary Glitter,Rock 'n' Roll (Part 2)
2511,Gary Lewis & The Playboys,This Diamond Ring
4856,Gary Moore,Still Got the Blues (For You)
1579,Gary Numan,Cars
795,Gary Puckett & The Union Gap,Young Girl
2540,Gary US Bonds,Quarter to Three
1941,Gary Wright,Dream Weaver
3949,Gavin Degraw,I Don't Want to Be
3094,Gazebo,I Like Chopin
1118,Gene Austin,"Bye Bye, Blackbird"
356,Gene Autry,"Rudolph, the Red-Nosed Reindeer"
1888,Gene Chandler,Duke of Earl
3180,Gene Pitney,Town Without Pity
2163,Gene Vincent,Be Bop a Lula
2127,Genesis,No Son of Mine
598,George Baker Selection,Una Paloma Blanca
2010,George Benson,Give Me the Night
765,George Gershwin,Rhapsody in Blue
27,George Harrison,My Sweet Lord
163,George McCrae,Rock Your Baby
42,George Michael,Careless Whisper
567,George Michael & Elton John,Don't Let the Sun Go Down On Me
3815,George Olsen,Always
3104,Georgia Gibbs,Kiss Of Fire
1292,Georgie Fame,Ballad of Bonnie & Clyde
1738,Geri Halliwell,It's Raining Men
3372,Gerry & the Pacemakers,How Do You Do It?
311,Gerry Rafferty,Baker Street
4465,Gertrude Lawrence,Someone to Watch Over Me
1568,Gigliola Cinquetti,Non Ho L'Eta Per Amarti
600,Gilbert O'Sullivan,Get Down
3315,Gin Blossoms,Follow You Down
2166,Gina G,Ooh Aah... Just a Little Bit
3007,Gino Vannelli,I Just Wanna Stop
4187,Ginuwine,Pony
4165,Girls Aloud,Sound of the Underground
1778,Gladys Knight & The Pips,Midnight Train to Georgia
3097,Glass Tiger,Don't Forget Me (When I'm Gone)
693,Glen Campbell,Rhinestone Cowboy
2259,Glen Gray,My Heart Tells Me (Should I Believe My Heart)
2287,Glenn Frey,The Heat is On
963,Glenn Medeiros,Nothing's Gonna Change My Love For You
1995,Glenn Medeiros & Bobby Brown,She Ain't Worth It
79,Glenn Miller,In the Mood
1775,Gloria Estefan,Coming Out of the Dark
2662,Gloria Estefan & Miami Sound Machine,Anything For You
164,Gloria Gaynor,I Will Survive
126,Gnarls Barkley,Crazy
2583,Gogi Grant,Wayward Wind
2248,Golden Earring,Radar Love
4201,Good Charlotte,Lifestyles of the Rich & Famous
1996,Goombay Dance Band,Sun Of Jamaica
4311,Gordon Jenkins,My Foolish Heart
4380,Gordon Jenkins & The Stardusters,I Don't See Me In Your Eyes Anymore
412,Gordon Jenkins & The Weavers,"Goodnight, Irene"
2329,Gordon Lightfoot,Sundown
847,Gorillaz,Feel Good Inc
162,Gotye & Kimbra,Somebody That I Used to Know
2450,Gracie Fields,Now Is the Hour (Maori Farewell Song)
1964,Grand Funk Railroad,The Loco-Motion
2380,Grandmaster Flash & The Furious Five,The Message
4067,Grass Roots,Let's Live For Today
279,Green Day,Boulevard of Broken Dreams
3520,Green Jelly,Three Little Pigs
2466,Greg Kihn Band,Jeopardy
1702,Gregory Abbott,Shake You Down
4062,Groove Theory,Tell Me
2231,Grover Washington Jr,Just the Two of Us
881,Guess Who,American Woman
385,Guns n' Roses,Sweet Child O' Mine
4484,Guru Josh,Infinity 2008
2291,Guy Lombardo,It's Love-Love-Love
668,Guy Mitchell,Singing The Blues
377,Gwen Stefani,Hollaback Girl
535,Gwen Stefani & Akon,The Sweet Escape
2241,Gym Class Heroes,Cupid's chokehold (Breakfast in America)
320,Haddaway,What is Love?
955,Hall & Oates,Maneater
2602,"Hamilton, Joe Frank & Reynolds",Don't Pull Your Love
4044,Hank Locklin,"Please Help Me, I'm Falling"
1972,Hank Williams,Your Cheatin' Heart
32,Hanson,Mmmbop
2877,Happenings,See You in September
1757,Harold Faltermeyer,Axel F
2932,Harold Melvin & The Bluenotes,If You Don't Know Me By Now
2100,Harpo,Moviestar
634,Harry Belafonte,Banana Boat Song
2990,Harry Chapin,Cat's in the Cradle
826,Harry James,Sleepy Lagoon
2457,Harry James & Dick Haymes,I'll Get By (As Long As I Have You)
288,Harry Nilsson,Without You
1594,Harry Richman,Puttin' on the Ritz
633,Heart,All I Wanna Do is Make Love to You
1473,Heatwave,Boogie Nights
1852,Heavy D & The Boyz,Now That We Found Love
3449,Helen Forrest & Dick Haymes,Together
2182,Helen Kane,I Wanna Be Loved By You
2036,Helen Reddy,Delta Dawn
2253,Helen Shapiro,Walkin' Back to Happiness
4749,Hellogoodbye,Here in your Arms
2084,Henry Gross,Shannon
1552,Henry Mancini,Moon River
1723,Herb Alpert,This Guy's in Love With You
2716,Herbie Hancock,Rockit
928,Herman's Hermits,No Milk Today
878,Highwaymen,Michael Row the Boat
3847,Hilary Duff,Wake Up
2572,Hinder,Lips of An Angel
1799,Hoagy Carmichael,Stardust
4287,Hole,Celebrity Skin
4766,Holly Johnson,Love Train
3504,Holly Valance,Kiss Kiss
3100,Hollywood Argyles,Alley-oop
3685,Honey Cone,Want Ads
866,Hoobastank,The Reason
2807,Hootie & The Blowfish,Old Man & Me (When I Get To Heaven)
3077,Horace Heidt,I Don't Want to Set the World On Fire
421,Hot Butter,Popcorn
1119,Hot Chocolate,You Sexy Thing
2340,House of Pain,Jump Around
4244,Houston,I Like That
3486,Howard Jones,Things Can Only Get Better
4761,Howlin' Wolf,Smokestack Lightning
1159,Hues Corporation,Rock the Boat
618,Huey Lewis & The News,The Power of Love
1774,Hugo Montenegro,The Good the Bad & the Ugly
3070,Hurricane Smith,Oh Babe What Would You Say?
4747,Ian Dury & The Blockheads,Hit Me With Your Rhythm Stick
4369,Ice Cube,It Was a Good Day
3686,Ides of March,Vehicle
2311,Ike & Tina Turner,Nutbush City Limits
1974,Imagination,Just an Illusion
4869,Impalas,Sorry (I Ran All the Way Home)
4429,Impressions,It's Alright
4267,Indeep,Last Night a DJ Saved My Life
4199,Inez & Charlie Foxx,Mockingbird
4011,Information Society,What's On Your Mind (Pure Energy)
427,Ini Kamoze,Here Comes the Hotstepper
896,Inner Circle,Sweat (A La La La La Song)
4276,Inner City,Good Life
4945,Instant Funk,I Got My Mind Made Up
542,INXS,Need You Tonight
9,Irene Cara,Flashdance... What a Feeling
3970,Irish Rovers,The Unicorn
488,Isaac Hayes,Theme From 'Shaft'
1668,Isham Jones,It Had to Be You
2811,Ivo Robic,Morgen
1109,Iyaz,Replay
4461,J Frank Wilson & the Cavaliers,The Last Kiss
250,J Geils Band,Centrefold
3150,Ja Rule,Wonderful
3112,Ja Rule & Ashanti,Always On Time
2582,Jack Johnson,Upside Down
3953,Jack McVea & his Band,"Open The Door, Richard!"
4739,Jack Scott,What in the World's Come Over You
3145,Jack Smith,Me & My Shadow
2630,Jackie Wilson,Reet Petite
3796,Jade,Don't Walk Away
4395,Jam & Spoon,Right in the Night (Fall in Love With Music)
1400,Jamelia,Superstar
4458,James Baskett,Zip-A-Dee-Doo-Dah
140,James Blunt,You're Beautiful
2725,James Brown,Living in America
4790,James Darren,Goodbye Cruel World
2016,James Morrison,You Give Me Something
1220,James Taylor,You've Got a Friend
2072,Jamiroquai,Virtual Insanity
1337,Jan & Dean,Surf City
3111,Jan & Kjeld,Banjo Boy
4121,Jan Garber,Baby Face
3161,Jan Hammer,Miami Vice Theme
978,Jane Birkin & Serge Gainsbourg,Je T'Aime (Moi Non Plus)
3566,Jane Child,Don't Wanna Fall in Love
4805,Jane Morgan,The Day the Rains Came
265,Janet Jackson,That's the Way Love Goes
3003,Janet Jackson & Q-Tip & Joni Mitchell,Got 'Til It's Gone
3622,Janis Ian,At Seventeen
782,Janis Joplin,Me & Bobby McGee
3947,Jann Arden,Insensitive
1514,Jason Derulo,Whatcha Say
4207,Jason Derulo & 2 Chainz,Talk Dirty
3851,Jason Donovan,Sealed With a Kiss
393,Jason Mraz,I am Yours
2336,Jay & the Americans,Cara Mia
3735,Jay Sean,Do You Remember?
1321,Jay Sean & Lil' Wayne,Down
2426,Jay-Z,Hard Knock Life
951,Jay-Z & Alicia Keys,Empire State Of Mind
787,Jay-Z & Linkin Park,Numb/Encore
2397,"Jay-Z, Rihanna & Kanye West",Run This Town
2778,Jean Knight,Mr Big Stuff
2470,Jean-Claude Borelly,Dolannes-Melodie
3917,Jeanette,Porque te vas
2056,Jeannie C Riley,Harper Valley PTA
2739,Jeff Buckley,Hallelujah
1479,Jefferson Airplane,White Rabbit
348,Jefferson Starship,Nothing's Gonna Stop Us Now
301,Jennifer Lopez,If You Had My Love
1450,Jennifer Lopez & LL Cool J,All I Have
312,Jennifer Lopez & Pitbull,On The Floor
557,Jennifer Paige,Crush
1028,Jennifer Rush,The Power of Love
3981,Jermaine Jackson & Pia Zadora,When The Rain Begins To Fall
384,Jerry Lee Lewis,Great Balls of Fire
1404,Jerry Murad's Harmonicats,Peg o' My Heart
2999,Jesse McCartney,Beautiful Soul
3264,Jessica Simpson,I Wanna Love You Forever
3155,Jessie J,Domino
1471,Jessie J & BoB,Price Tag
3580,Jesus Jones,"Right Here, Right Now"
1977,Jet,Are You Gonna Be My Girl?
845,Jewel,You Were Meant for Me
2845,Jewel Akens,The Birds & the Bees
2991,Jigsaw,Sky High
2144,Jim Croce,"Bad, Bad Leroy Brown"
2830,Jim Diamond,I Should Have Known Better
2472,Jim Lowe,Green Door
1130,Jim Reeves,He'll Have to Go
4969,Jim Stafford,Spiders & Snakes
2185,Jimi Hendrix,All Along the Watchtower
3018,Jimmie Davis,You Are My Sunshine
856,Jimmie Rodgers,T For Texas (Blue Yodel No 1)
1144,Jimmy Boyd,I Saw Mommy Kissing Santa Claus
3960,Jimmy Boyd & Frankie Laine,Tell Me a Story
3437,Jimmy Castor Bunch,Troglodyte (Cave Man)
3441,Jimmy Cliff,I Can See Clearly Now
1654,Jimmy Dean,Big Bad John
676,Jimmy Dorsey,Tangerine
4830,Jimmy Eat World,The Middle
1790,Jimmy Jones,Good Timin'
3426,Jimmy Nail,Ain't No Doubt
3921,Jimmy Ruffin,What Becomes of the Broken Hearted
3108,Jimmy Soul,If You Wanna Be Happy
4787,Jimmy Young,Too Young
467,Jive Bunny & The Mastermixers,Swing the Mood
4440,J-Kwon,Tipsy
200,Jo Stafford,You Belong to Me
2856,Joan Baez,The Night They Drove Old Dixie Down
61,Joan Jett & The Blackhearts,I Love Rock 'n' Roll
492,Joan Osborne,One of Us
2832,Joan Weber,Let Me Go Lover
2616,Jody Watley,Looking For a New Love
1821,Joe Cocker,With a Little Help From My Friends
486,Joe Cocker & Jennifer Warnes,Up Where We Belong
586,Joe Dolce,Shaddup You Face
4317,Joe 'Fingers' Carr,Down Yonder
4003,Joe Jackson,Steppin' Out
4136,Joe Public,Live & Learn
3265,Joe South,Games People Play
3761,Joe Tex,I Gotcha
3770,Joe Thomas,I Wanna Know
2247,Joe Thomas & Mystikal,Stutter
1476,Joey Dee & The Starliters,Peppermint Twist
2849,Joey Scarbury,Theme From 'Greatest American Hero' (Believe It Or Not)
1097,John Cougar Mellencamp,Jack & Diane
2463,John Cougar Mellencamp & Me'Shell Ndegeocello,One Wild Night
1763,John Denver,Annie's Song
2155,John Farnham,You're the Voice
489,John Fred & The Playboy Band,Judy in Disguise (With Glasses)
3414,John Lee Hooker,Boogie Chillun
43,John Lennon,Imagine
4784,John Leyton,Johnny Remember Me
4648,John Mayer,No Such Thing
3379,John Miles,Music
1649,John Parr,St Elmo's Fire (Man in Motion)
1237,John Paul Young,Love is in the Air
4414,John Sebastian,Welcome Back
30,John Travolta & Olivia Newton-John,You're the One That I Want
2656,John Waite,Missing You
380,Johnnie Ray,Cry
2210,Johnnie Taylor,Disco Lady
1550,Johnny & The Hurricanes,Red River Rock
3457,Johnny Burnette,"You're Sixteen, You're Beautiful (And You're Mine)"
1935,Johnny Cash,Ring of Fire
3612,Johnny Gill,Rub You the Right Way
2189,Johnny Hates Jazz,Shattered Dreams
349,Johnny Horton,Battle of New Orleans
1718,Johnny Logan,What's Another Year
2638,Johnny Mathis,It's Not For Me to Say
2460,Johnny Mathis & Deniece Williams,Too Much Too Little Too Late
1101,Johnny Mercer,"On the Atchison, Topeka & the Santa Fe"
2664,Johnny Mercer & Jo Stafford,Candy
946,Johnny Nash,I Can See Clearly Now
1158,Johnny Preston,Running Bear
1511,Johnny Rivers,"Memphis, Tennessee"
3170,Johnny Standley,It's in The Book
1566,Johnny Tillotson,Poetry in Motion
4634,Johnny Wakelin,In Zaire
1720,JoJo,Leave (Get Out)
4114,Jon & Vangelis,I'll Find My Way Home
1308,Jon Secada,Just Another Day
2502,Jona Lewie,Stop the Cavalry
3776,Jonas Brothers,Burning Up
4927,Jonathan Edwards,Sunshine
1611,Joni James,Why Don't You Believe Me?
3985,Joni Mitchell,Big Yellow Taxi
3109,Jordin Sparks,Tattoo
756,Jordin Sparks & Chris Brown,No Air
2930,Jose Feliciano,Light My Fire
3732,Journey,Open Arms
3071,Joy Division,Love Will Tear Us Apart
1539,Juanes,La Camisa Negra
49,Judy Garland,Over the Rainbow
2757,Judy Garland & Gene Kelly,For Me & My Gal
2355,Juice Newton,Angel of the Morning
4811,Julee Cruise,Falling
3510,Julian Lennon,Too Late For Goodbyes
949,Julie Covington,Don't Cry For Me Argentina
3152,Julie London,Cry Me a River
3276,Julie Rogers,The Wedding
2770,Julio Iglesias & Willie Nelson,To All the Girls I've Loved Before
3983,Julius Larosa,"Eh, cumpari"
3637,Junior Senior,Move Your Feet
4593,Junior Walker & The All-Stars,Shotgun
3788,Justin Bieber,One Time
4243,Justin Bieber & Ludacris,Baby
63,Justin Timberlake,Sexyback
4978,K7,Come Baby Come
1252,Kajagoogoo,Too Shy
2954,Kansas,Dust in the Wind
363,Kanye West,Stronger
314,Kanye West & Jamie Foxx,Gold Digger
559,Kaoma,Lambada
4604,Kardinal Offishall,Dangerous
3707,Karyn White,Romantic
545,Kate Bush,Wuthering Heights
824,Kate Smith,God Bless America
4522,Kate Winslet,What If...
3017,Katrina & The Waves,Walking On Sunshine
48,Katy Perry,I Kissed A Girl
836,Katy Perry & Kanye West,E.T.
340,Katy Perry & Snoop Dogg,California Gurls
735,Kay Kyser,The Woody Woodpecker Song
792,Kay Starr,Wheel of Fortune
907,KC & The Sunshine Band,That's the Way (I Like It)
799,K-Ci & JoJo,All My Life
355,Ke$ha,Tik-Toc
2576,Keane,Everybody's Changing
4339,Keith Carradine,I'm Easy
2678,Keith Sweat,Twisted
4128,Keith Sweat & Athena Cage,Nobody
914,Kelis,Milkshake
718,Kelly Clarkson,Because of You
4076,Kelly Marie,Feels Like I'm in Love
2799,Kelly Rowland,Stole
3590,Ken Griffin,"You Can't Be True, Dear"
1939,Kenny Ball & his Jazzmen,Midnight in Moscow
4277,Kenny G,Songbird
615,Kenny Loggins,Footloose
4526,Kenny Loggins & Stevie Nicks,Whenever I Call You 'friend'
883,Kenny Rogers,Lady
1272,Kenny Rogers & Dolly Parton,Islands in the Stream
3491,Kenny Rogers & Sheena Easton,We've Got Tonight
4462,Keri Hilson & Kanye West & Ne-Yo,Knock You Down
4828,Ketty Lester,Love Letters
995,Kevin Lyttle,Turn Me On
3236,Kevin Rudolf & Lil' Wayne,Let it Rock
2330,Kid Cudi & Crookers,Day 'n' Nite
408,Kid Rock,All summer long
20,Kim Carnes,Bette Davis Eyes
1424,Kim Wilde,Kids in America
4454,King,Love & Pride
1504,Kings of Leon,Sex on Fire
448,Kingsmen,Louie Louie
697,Kiss,I Was Made For Lovin' You
468,Kitty Kallen,Little Things Mean a Lot
1164,KLF,3am Eternal
3556,Klymaxx,I Miss You
2567,K'Naan,Wavin' Flag
431,Kool & The Gang,Celebration
3979,Kraftwerk,Autobahn
334,Kris Kross,Jump
2683,KT Tunstall,Black Horse & the Cherry Tree
2570,KWS,Please Don't Go
54,Kylie Minogue,Can't Get You Out of My Head
2827,Kylie Minogue & Jason Donovan,Especially For You
943,Kyu Sakamoto,Sukiyaki
4126,La Belle Epoque,Black is Black
959,La Bouche,Be My Lover
2229,La Roux,Bulletproof!
2139,Lady Antebellum,Need You Now
60,Lady GaGa,Poker Face
674,Lady GaGa & Beyonce,Telephone
145,Lady GaGa & Colby O'Donis,Just Dance
3694,Lale Andersen,Lied eines jungen Wachtposten (Lili Marlen)
3492,Lana Del Rey,Video games
3041,Larry Clinton,Deep Purple
114,Las Ketchup,The Ketchup Song (Asereje)
4494,Lasgo,Something
867,Laura Branigan,Self Control
4124,Laurie London,He's Got the Whole World in His Hands
550,Lauryn Hill,Doo Wop (That Thing)
2309,Lawrence Welk,Calcutta
3250,Leadbelly,"Goodnight, Irene"
296,LeAnn Rimes,Can't Fight the Moonlight
2379,Leapy Lee,Little Arrows
419,Led Zeppelin,Whole Lotta Love
4796,Lee Ann Womack,I Hope You Dance
4050,Leila K & Rob 'n' Raz,Got to Get
2646,Len,Steal My Sunshine
3589,Len Barry,2001-02-03
2624,Lena Horne,Stormy Weather (Keeps Rainin' All the Time)
2096,Lenny Kravitz,Are You Gonna Go My Way?
2563,Leo Reisman,Continental (you Kiss While You're Dancing)
648,Leo Sayer,When I Need You
21,Leona Lewis,Bleeding Love
976,Leroy Anderson,Blue Tango
4341,Leroy Van Dyke,Walk On By
1863,Les Baxter & his Orchestra,Unchained Melody
1248,Les Brown,My Dreams Are Getting Better All the Time
309,Les Brown & Doris Day,Sentimental Journey
4238,Les Humphries Singers,Mexico
167,Les Paul & Mary Ford,Vaya Con Dios (may God Be With You)
1145,Lesley Gore,It's My Party
3551,Lester Flatt & Earl Scruggs,Foggy Mountain Breakdown
1595,Level 42,Lessons in Love
4832,Liberty X,Just a Little
2809,Lieutenant Pigeon,Mouldy Old Dough
678,Lifehouse,Hanging by a Moment
4831,Lil' Jon & The East Side Boyz,Get Low
4629,Lil' Louis,French Kiss
1887,Lil' Wayne,Lollipop
2885,Lily Allen,Smile
2509,Limahl,Never Ending Story
1764,Limp Bizkit,Behind Blue Eyes
3243,Linda Ronstadt,Blue Bayou
1979,Linda Ronstadt & Aaron Neville,Don't Know Much
2138,Linda Ronstadt & James Ingram,Somewhere Out There
2435,Lindsey Buckingham,TROUBLE
3549,Link Wray,Rumble
723,Linkin Park,In the End
263,Lionel Richie,"Say You, Say Me"
183,Lipps Inc,Funkytown
2105,Lisa Lisa & Cult Jam,Head to Toe
874,Lisa Loeb & Nine Stories,Stay (I Missed You)
493,Lisa Stansfield,All Around the World
571,Little Eva,The Loco-Motion
4268,Little Jimmy Osmond,Long Haired Lover From Liverpool
933,Little Peggy March,I Will Follow Him
859,Little Richard,Long Tall Sally
4898,Little River Band,Reminiscing
4425,Living In A Box,Living in a Box
4034,LL Cool J,Hey Lover
643,Lloyd Price,(You've Got) Personality
116,LMFAO,Party Rock Anthem
345,Lobo,I'd Love You to Want Me
2433,Lolita,"Seemann, deine Heimat ist das Meer"
151,Londonbeat,I've Been Thinking About You
3125,Lonestar,Amazed
4048,Lonnie Donegan,My Old Man's a Dustman (Ballad of a Refuse Disposal Officer)
2373,Looking Glass,Brandy (You're A Fine Girl)
1074,Lorde,Royals
3483,Lordi,Hard Rock Hallelujah
2698,Loreen,Euphoria
3954,Lorne Greene,Ringo
970,Los Bravos,Black is Black
34,Los Del Rio,Macarena
1614,Los Indios Tabajaras,Maria Elena
215,Los Lobos,La Bamba
3684,Los Lonely Boys,Heaven
4095,Los Machucambos,Pepito
80,Lou Bega,Mambo No 5 (A Little Bit of ...)
3339,Lou Christie,Lightnin' Strikes
1961,Lou Rawls,You'll Never Find Another Love Like Mine
1682,Lou Reed,Walk On the Wild Side
700,Louis Armstrong,Hello Dolly
1951,Louis Jordan,Caldonia Boogie (What Makes Your Big Head So Hard)
3258,Louis Prima,Buona Sera
3422,Love & Rockets,So Alive
968,Love Unlimited,Love's Theme
924,Lovin' Spoonful,Summer in the City
4759,LTD,(Everytime I Turn Around) Back In Love Again
4713,Ludacris & Shaunna,Stand Up
1418,Lulu,"To Sir, With Love"
1084,Lumidee,Never Leave You (Uh Oooh Uh Oooh)
2347,Luniz,I Got 5 On It
4702,Luther Vandross,Here & Now
2506,Luther Vandross & Janet Jackson,The Best Things in Life Are Free
1000,Luther Vandross & Mariah Carey,Endless Love
3025,Lutricia McNeal,Ain't That Just The Way (That Love Goes Down)
4249,Luv',You're The Greatest Lover
202,Lynn Anderson,I Beg Your Pardon (I Never Promised You a Rose Garden)
1111,Lynyrd Skynyrd,Sweet Home Alabama
4986,Lyte Funkie Ones,Summer Girls
396,M,Pop Muzik
3386,Ma Rainey,See See Rider Blues
3784,Mac Davis,Baby Don't Get Hooked On Me
923,Macklemore & Ryan Lewis,Thrift Shop
699,Macy Gray,I Try
3061,Madcon,Beggin'
3280,Mad'house,Like a Prayer
1638,Madness,Our House
33,Madonna,Vogue
179,Madonna & Justin Timberlake,Four Minutes
2879,Mahalia Jackson,Move On Up a Little Higher
4868,Main Ingredient,Everybody Plays the Fool
4995,Major Lance,Monkey Time
4087,Mama Cass,Dream a Little Dream of Me
2198,Mamie Smith,Crazy Blues
863,Manfred Mann,Mighty Quinn
2083,Manfred Mann's Earth Band,Blinded By the Light
3480,Manhattan Transfer,Chanson D'Amour
3191,Mantovani,The Song From Moulin Rouge (Where Is Your Heart)
4304,Manu Chao,Me gustas tu
2403,Marc Almond & Gene Pitney,Something's Gotten Hold of My Heart
2218,Marc Anthony,I Need to Know
2791,Marcy Playground,Sex & Candy
1656,Margaret Whiting,A Tree in the Meadow
1709,Margaret Whiting & Jimmy Wakely,Slippin' Around
2074,Maria McKee,Show Me Heaven
4470,Maria Muldaur,Midnight At the Oasis
165,Mariah Carey,Without You
176,Mariah Carey & Boyz II Men,One Sweet Day
3764,Mariah Carey & Westlife,Against All Odds (Take a Look At Me Now)
661,Mariah Carey & Whitney Houston,When You Believe
4567,Marie Myriam,L'oiseau Et L'enfant
3429,Marie Osmond,Paper Roses
4222,Marillion,Kayleigh
3880,Marilyn Manson,Tainted Love
2448,Marilyn McCoo & Billy Davis Jr,You Don't Have to Be a Star (To Be in My Show)
4178,Marino Marini & his Quartet,More Than Ever (Come Prima)
344,Mario,Let Me Love You
882,Mario Lanza,Be My Love
853,Mario Winans,I Don't Wanna Know
3174,Marion Harris,I Ain't Got Nobody
3225,Mark Dinning,Teen Angel
1655,Mark Morrison,Return of the Mack
4605,Mark Oh,Tears Don't Lie
3883,Mark Ronson & Amy Winehouse,Valerie
1555,Marky Mark & The Funky Bunch,Good Vibrations
2421,Marmalade,"Ob-La-Di, Ob-La-Da"
692,Maroon 5,She Will Be Loved
305,Maroon 5 & Christina Aguilera,Moves Like Jagger
1542,Maroon 5 & Wiz Khalifa,Payphone
1295,MARRS,Pump Up the Volume
3020,Marshall Hain,Dancing in the City
1536,Martha & The Vandellas,Dancing in the Street
3619,Martha Tilton,And the Angels Sing
4013,Marti Webb,Take That Look Off Your Face
1210,Martika,Toy Soldiers
4506,Marty Balin,Hearts
2178,Marty Robbins,El Paso
428,Marvin Gaye,I Heard it Through the Grapevine
3593,Marvin Gaye & Tammi Terrell,Ain't No Mountain High Enough
1597,Marvin Hamlisch,The Entertainer
198,Mary Hopkin,Those Were the Days
620,Mary J Blige,Family Affair
2202,Mary J Blige & U2,One
1717,Mary MacGregor,Torn Between Two Lovers
4321,Mary Mary,Shackles (Praise You)
1090,Mary Wells,My Guy
3767,Mason Williams,Classical Gas
1927,Matchbox Twenty,Bent
2978,Mattafix,Big City Life
3069,Matthew Wilder,Break My Stride
3853,Matthews Southern Comfort,Woodstock
1326,Maureen McGovern,The Morning After
2441,Maurice Williams & The Zodiacs,Stay
1280,Maxi Priest,Close to You
4602,Maxi Priest & Shaggy,That Girl
1816,Maxine Nightingale,Right Back Where We Started From
181,MC Hammer,U Can't Touch This
3573,MC Lyte,Cold Rock a Party
2749,MC Miker G & DJ Sven,Holiday Rap
759,MC Sar & The Real McCoy,Another Night
4001,McFadden & Whitehead,Ain't No Stoppin' Us Now
4164,McGuire Sisters,Sincerely
138,Meat Loaf,I'd Do Anything For Love (But I Won't Do That)
1980,Meco,Star Wars Theme - Cantina Band
3548,Meghan Trainor,All About That Bass
1211,Mel & Kim,Respectable
2337,Mel Blanc,I Taut I Taw A Puddy Tat
2713,Mel Torme,Careless Hands
891,Melanie,Brand New Key
3832,Melanie C,I Turn to You
1561,Melanie C & Lisa 'Left Eye' Lopes,Never Be the Same Again
289,Men At Work,Down Under
1275,Men Without Hats,The Safety Dance
901,Meredith Brooks,Bitch
1958,Merril Bainbridge,Mouth
1732,Merrilee Rush,Angel of the Morning
3728,Merry Macs,Mairzy Doates
1318,Metallica,Until it Sleeps
3538,Metallica & Marianne Faithfull,The Memory Remains
1924,Metro Station,Shake It
1433,MFSB,TSOP (The Sound of Philadelphia)
4721,Mgmt,Kids
2371,MIA,Paper Planes
2696,Miami Sound Machine,Conga
2788,Michael Andrews & Gary Jules,Mad World
1408,Michael Bolton,How am I Supposed to Live Without You?
3301,Michael Buble,Everything
2957,Michael Damian,Rock On
25,Michael Jackson,Billie Jean
366,Michael Jackson & Janet Jackson,Scream
750,Michael Jackson & Siedah Garrett,I Just Can't Stop Loving You
4152,Michael Martin Murphey,Wildfire
3582,Michael McDonald,Sweet Freedom
986,Michael Sembello,Maniac
4643,Michael Zager Band,Let's All Chant
4516,Michel Telo,Ai se eu te pego!
4184,Michelle Branch,Are You Happy Now
4099,Mick Jagger,Just Another Night
1387,Middle of The Road,"Chirpy, Chirpy, Cheep, Cheep"
4748,Midge Ure,If I Was
1553,Midnight Oil,Beds Are Burning
1381,Miguel Rios,A Song Of Joy
647,Mika,Grace Kelly
716,Mike & The Mechanics,The Living Years
1231,Mike Oldfield,Moonlight Shadow
3167,Mike Posner,Cooler than me
3633,Mikis Theodorakis,Zorba The Greek
1851,Miley Cyrus,Wrecking Ball
4684,Milk & Honey,Hallelujah
712,Milli Vanilli,"Girl, I'm Gonna Miss You"
1203,Millie Small,My Boy Lollipop
3588,Mims,This Is Why I'm Hot
1309,Minnie Riperton,Loving You
4556,Mireille Mathieu,La Derniere Valse
3721,Miriam Makeba,Pata Pata
1133,Missy 'Misdemeanor' Elliott,Work It
4926,Mis-Teeq,Scandalous
1390,Mitch Miller,Yellow Rose of Texas
4559,Mitch Ryder & The Detroit Wheels,Devil With the Blue Dress
3747,Moby,Lift Me Up
3360,Mocedades,Eres Tu (Touch The Wind)
2331,Modern Talking,You're My Heart You're My Soul
1117,Modjo,Lady (Hear Me Tonight)
2882,Monica,The First Night
1804,Montell Jordan,This is How We Do It
4909,Monty Python,Always Look On the Bright Side of Life
1588,Morris Albert,Feelings
3223,Morris Stoloff,Moonglow & Theme From Picnic
3325,Mory Kante,Yeke Yeke
1093,Mouth & MacNeal,How Do You Do!
639,Mr Acker Bilk,Stranger On the Shore
286,Mr Big,To Be With You
1019,Mr Mister,Broken Wings
1973,Mr Oizo,Flat Beat
1165,Mr President,Coco Jamboo
2865,Mud,Tiger Feet
4355,Muddy Waters,Mannish Boy
58,Mungo Jerry,In the Summertime
616,Murray Head,One Night in Bangkok
484,Musical Youth,Pass the Dutchie
1340,My Chemical Romance,Welcome to the Black Parade
3393,Mya,Case Of The Ex (Whatcha Gonna Do)
306,N Sync,"Bye, Bye, Bye"
136,Nancy Sinatra,These Boots Are Made For Walking
472,Nancy Sinatra & Frank Sinatra,Somethin' Stupid
4671,Nancy Sinatra & Lee Hazlewood,Jackson
3237,NAS,If I Ruled the World
82,Nat King Cole,Mona Lisa
2921,Natalie Cole,Pink Cadillac
2109,Natalie Cole & Nat King Cole,Unforgettable
318,Natalie Imbruglia,Torn
1039,Natasha Bedingfield,These Words
3184,Naughty By Nature,OPP
801,Nazareth,Love Hurts
1064,Ned Miller,From a Jack to a King
611,Neil Diamond,Cracklin' Rosie
1043,Neil Sedaka,Oh Carol
464,Neil Young,Heart of Gold
717,Nelly,My Place
85,Nelly & Kelly Rowland,Dilemma
1167,Nelly & Tim McGraw,Over & Over
330,Nelly Furtado,Say It Right
266,Nelly Furtado & Timbaland,Promiscuous
1839,"Nelly, P Diddy & Murphy Lee",Shake Ya Tailfeather
2833,Nelson,(Can't Live Without Your) Love & Affection
4785,Nelson Eddy & Jo Stafford,With These Hands
3176,Nelson Riddle,Lisbon Antigua (In Old Lisbon)
353,Nena,99 Red Balloons
1674,Neneh Cherry,Buffalo Stance
4965,NERD,She Wants to Move
4527,New Edition,Candy Girl
862,New Kids On The Block,Step By Step
2414,New Order,Blue Monday
548,New Vaudeville Band,Winchester Cathedral
728,Next,Too Close
906,Ne-Yo,So Sick
3756,Nick Cave & The Bad Seeds & Kylie Minogue,Where the Wild Roses Grow
2346,Nick Gilder,Hot Child In The City
4591,Nick Kamen,I Promised Myself
3163,Nick Lachey,What's Left Of Me
4769,Nick Lucas,Tip Toe Thru' The Tulips With Me
100,Nickelback,How You Remind Me
1332,Nicki French,Total Eclipse of the Heart
3664,Nicki Minaj,Starships
4456,Nico & Vinz,Am I Wrong
4729,Nicolette Larson,Lotta Love
3967,Nik Kershaw,Wouldn't it Be Good
4900,Nina Simone,My Baby Just Cares For Me
1864,Nina Sky,Move Ya Body
884,Nini Rosso,Il Silenzio
3096,Nino Tempo & April Stevens,Deep Purple
156,Nirvana,Smells Like Teen Spirit
4499,Nitty Gritty Dirt Band,Mr Bojangles
51,No Doubt,Don't Speak
954,No Mercy,Where Do You Go?
3247,Nora Bayes,Over There
2156,Norah Jones,Don't Know Why
368,Norman Greenbaum,Spirit in the Sky
2636,Notorious BIG,Hypnotize
1402,Notorious BIG & P Diddy,Mo Money Mo Problems
1434,N-Trance & Ricardo Da Force,Stayin' Alive
2063,Nu Shooz,I Can't Wait
4982,O C Smith,Little Green Apples
357,Oasis,Wonderwall
3505,Obernkirchen Children's Choir,Happy Wanderer
1776,Ocean,Put Your Hand in the Hand
4325,Odyssey,Going Back to My Roots
3719,Of Monsters And Men,Little Talks
373,Offspring,Pretty Fly (For a White Guy)
2875,Ofra Haza,Im Nin'Alu
1496,Ohio Express,Yummy Yummy Yummy
3907,Ohio Players,Love Rollercoaster
2161,Oliver,Good Morning Starshine
178,Olivia Newton-John,(Let's Get) Physical
452,Olivia Newton-John & Electric Light Orchestra,Xanadu
793,OMC,How Bizarre
1743,One Direction,What Makes You Beautiful
2543,OneRepublic,All The Right Moves
1578,Opus,Live Is Life
2321,Oran 'Juice' Jones,The Rain
2686,Orchestral Manoeuvres In The Dark,Maid of Orleans (The Waltz Joan of Arc)
1827,Original Dixieland Jazz Band,Tiger Rag
331,Otis Redding,(Sittin' On) the Dock of the Bay
4489,O-Town,All Or Nothing
3534,Ottawan,Hands Up (Give Me Your Heart)
45,OutKast,Hey Ya!
4689,Outlandish,Aicha
1241,Owl City,Fireflies
2188,Owl City & Carly Rae Jepsen,Good Time
4272,Ozark Mountain Daredevils,Jackie Blue
572,O-Zone,Dragostea Din Tei
4905,Ozzy Osbourne,Dreamer
3811,P Diddy,Been Around the World
24,P Diddy & Faith Evans,I'll Be Missing You
1796,P Diddy & Jimmy Page,Come With Me
2645,P Diddy & Mase,Can't Nobody Hold Me Down
4063,P Diddy & Nicole Scherzinger,Come to Me
4183,P Diddy & R Kelly,Satisfy You
2068,"P Diddy, Usher & Loon",I Need a Girl (Part 1)
4509,Pacific Gas & Electric,Are You Ready?
2136,Panic! At the Disco,I Write Sins Not Tragedies
3482,Panjabi MC,Mundian to Bach Ke
957,Paper Lace,The Night Chicago Died
4768,Pappa Bear,Cherish
4374,Paramore,Misery Business
2372,Paris Hilton,Stars Are Blind
4951,Parliament,Flash Light
2389,Passenger,Let Her Go
1805,Pat Benatar,Love is a Battlefield
274,Pat Boone,Speedy Gonzales
267,Patrick Hernandez,Born to Be Alive
3085,Patrick Swayze,She's Like the Wind
1934,Patsy Cline,Crazy
4723,Patsy Montana & The Prairie Ramblers,I Want to Be a Cowboy's Sweetheart
2887,Patti Austin & James Ingram,"Baby, Come to Me"
561,Patti LaBelle,Lady Marmalade (Voulez-Vous Coucher Aver Moi Ce Soir?)
1026,Patti LaBelle & Michael McDonald,On My Own
248,Patti Page,Tennessee Waltz
1663,Patti Smith & Don Henley,Sometimes Love Just Ain't Enough
3911,Patti Smith Group,Because the Night
447,Paul & Paula,Hey Paula
383,Paul Anka,Diana
627,Paul Hardcastle,19
985,Paul Mauriat & his Orchestra,Love Is Blue (L'Amour Est Bleu)
1024,Paul McCartney,Another Day
328,Paul McCartney & Michael Jackson,Say Say Say
128,Paul McCartney & Stevie Wonder,Ebony & Ivory
3816,Paul Revere & the Raiders,Indian Reservation (The Lament Of The Cherokee Reservation Indian)
2702,Paul Robeson,Ol' Man River
1396,Paul Simon,50 Ways to Leave Your Lover
4539,Paul Weston,Nevertheless (I'm in Love With You)
839,Paul Whiteman,Whispering
1349,Paul Young,Every Time You Go Away
710,Paula Abdul,Rush Rush
619,Paula Abdul & The Wild Pair,Opposites Attract
2621,Paula Cole,Where Have All the Cowboys Gone?
3064,Peabo Bryson & Roberta Flack,Tonight I Celebrate My Love
999,Peaches & Herb,Reunited
2006,Pearl Jam,Last Kiss
4293,Pebbles,Giving You the Benefit
430,Pee Wee Hunt,12th Street Rag
1729,Pee Wee King,Slow Poke
858,Peggy Lee,Manana (Is Soon Enough For Me)
1765,Penny McLean,Lady Bump
121,Percy Faith,Theme From 'A Summer Place'
685,Percy Sledge,When a Man Loves a Woman
426,Perez Prado,Cherry Pink & Apple Blossom White
456,Perry Como,Don't Let the Stars Get in Your Eyes
2409,Perry Como & The Fontane Sisters,'A' You're Adorable (the Alphabet Song)
2055,Peter & Gordon,A World Without Love
3608,Peter Andre,Mysterious Girl
4422,Peter Bjorn & John,Young Folks
1044,Peter Cetera,Glory of Love
4135,Peter Cetera & Amy Grant,The Next Time I Fall
4265,Peter Cetera & Cher,After All
1517,Peter Frampton,Show Me the Way
410,Peter Gabriel,Sledgehammer
4368,Peter Maffay,Du
2545,Peter Sarstedt,Where Do You Go to My Lovely?
1475,Peter Schilling,Major Tom (Coming Home)
2503,"Peter, Paul & Mary","Leaving, on a Jet Plane"
147,Petula Clark,Downtown
2038,Pharrell Williams,Happy
127,Phil Collins,Another Day in Paradise
2159,Phil Collins & Marilyn Martin,Separate Lives
806,Phil Harris,The Thing
3220,Phil Phillips,Sea of Love
1572,Philip Bailey & Phil Collins,Easy Lover
2179,Pilot,Magic
2203,Pinetop Smith,Pinetop's Boogie Woogie
144,Pink,So What
1178,Pink & Nate Ruess,Just Give Me a Reason
3394,Pink & William Orbit,Feel Good Time
8,Pink Floyd,Another Brick in the Wall (part 2)
4125,Pipkins,Gimme Dat Ding
1174,Pitbull,I Know You Want Me (calle Ocho)
4094,Pitbull & Ke$ha,Timber
490,"Pitbull, Ne-Yo, Afrojack & Nayer",Give Me Everything
540,Plain White T's,Hey There Delilah
2681,Plastic Bertrand,Ca Plane Pour Moi
1509,Player,Baby Come Back
1330,PM Dawn,Set Adrift On a Memory of Bliss
3436,POD,Youth of the Nation
2985,Poison,Unskinny Bop
893,Pop Tops,Mammy Blue
2097,Poppy Family,Which Way You Goin' Billy?
4226,Power Station,Some Like it Hot
576,Pras Michel,Ghetto Supastar (That is What You Are)
106,Prince,When Doves Cry
19,Procol Harum,A Whiter Shade of Pale
2018,Pseudo Echo,Funkytown
670,Psy,Gangnam Style
4972,Puddle of Mudd,Blurry
725,Pussycat,Mississippi
4014,Quad City DJs,C'Mon Ride the Train
1598,Quarterflash,Harden My Heart
46,Queen,Bohemian Rhapsody
1696,Queen & David Bowie,Under Pressure
4853,Queensryche,Silent Lucidity
2326,Question Mark & The Mysterians,96 Tears
172,R Kelly,I Believe I Can Fly
2786,Racey,Some Girls
2217,Radiohead,Creep
4113,Ralph Tresvant,Sensitivity
3060,Ram Jam,Black Betty
4563,Ramsey Lewis Trio,The 'in' Crowd
4299,Randy Newman,Short People
2857,Randy Vanwarmer,Just When I Needed You Most
4672,Rare Bird,Sympathy
2417,Rare Earth,Get Ready
1256,Rasmus,In the Shadows
2825,Ray Anthony,Dragnet
137,Ray Charles,I Can't Stop Loving You
3801,Ray Conniff,Somewhere My Love
4773,Ray J & Yung Berg,Sexy Can I
2356,Ray Noble,Linda
531,Ray Parker Jr,Ghostbusters
3324,Ray Parker Jr & Raydio,A Woman Needs Love (Just Like You Do)
4920,Ray Peterson,Tell Laura I Love Her
2194,Ray Stevens,Everything is Beautiful
4457,"Ray, Goodman & Brown",Special Lady
3843,Raydio,Jack & Jill
3631,RB Greaves,Take a Letter Maria
3873,Real Life,Send Me an Angel
2053,Red Foley,Chattanoogie Shoe-Shine Boy
454,Red Hot Chili Peppers,Under the Bridge
3736,Redbone,Witch Queen of New Orleans
292,Rednex,Cotton Eye Joe
2813,Reel 2 Real,I Like to Move It
1221,Regina Belle & Peabo Bryson,A Whole New World (Aladdin's Theme)
319,REM,Losing My Religion
4036,Renee & Renato,Save Your Love
965,REO Speedwagon,Keep On Loving You
4385,Rhythm Heritage,Theme from 'SWAT'
1861,Richard Harris,MacArthur Park
441,Richard Marx,Right Here Waiting
2715,Richard Sanderson,Reality
150,Rick Astley,Never Gonna Give You Up
1472,Rick Dees & his Cast of Idiots,Disco Duck
3879,Rick James,Super Freak
1683,Rick Springfield,Jessie's Girl
3693,Rickie Lee Jones,Chuck E's in Love
69,Ricky Martin,Livin' La Vida Loca
1786,Ricky Martin & Christina Aguilera,Nobody Wants to Be Lonely
659,Ricky Nelson,Hello Mary Lou
4282,Righeira,Vamos a la playa
473,Right Said Fred,I'm Too Sexy
270,Rihanna,Don't Stop the Music
66,Rihanna & Calvin Harris,We Found Love
22,Rihanna & Jay-Z,Umbrella
4459,Rihanna & Mikky Ekko,Stay
690,Ringo Starr,Photograph
4338,Rita Coolidge,We're All Alone
4955,Rita Ora,How We Do (Party)
4584,Ritchie Family,The Best Disco in Town
1508,Ritchie Valens,Donna
2130,Rob Thomas,Lonely No More
97,Rob Thomas & Santana,Smooth
1548,Robbie Nevil,C'est La Vie
1191,Robbie Williams,Rock DJ
1794,Robbie Williams & Nicole Kidman,Somethin' Stupid
2251,Robert John,Sad Eyes
4345,Robert Johnson,Cross Road Blues
326,Robert Miles,Children
913,Robert Palmer,Addicted to Love
3915,Robert Palmer & UB40,I'll Be Your Baby Tonight
189,Roberta Flack,Killing Me Softly With His Song
2489,Roberta Flack & Donny Hathaway,The Closer I Get To You
1838,Robin Beck,First Time
2102,Robin Gibb,Saved By the Bell
1607,Robin S,Show Me Love
526,"Robin Thicke, T.I. & Pharrell Williams",Blurred Lines
2816,Robyn,Show Me Love
300,Rocco Granata,Marina
1072,Rockwell,Somebody's Watching Me
2416,Rocky Burnett,Tired of Toein' The Line
217,Rod Stewart,Maggie May
1459,Roger Miller,King of the Road
3172,Roger Whittaker,The Last Farewell
3673,Roger Williams,Autumn Leaves (Les Feuilles Mortes)
2176,Ronan Keating,When You Say Nothing At All
4205,Ronnie Hilton,No Other Love
776,Rose Royce,Car Wash
573,Rosemary Clooney,Hey There
212,Roxette,It Must Have Been Love
3139,Roxy Music,Love is the Drug
2164,Roy Acuff,Wabash Cannonball
36,Roy Orbison,"Oh, Pretty Woman"
1630,Royal Guardsmen,Snoopy Vs the Red Baron
3927,Rozalla,Everybody's Free (To Feel Good)
2266,Ruby & The Romantics,Our Day Will Come
4175,Ruby Murray,Softly Softly
1966,Rudy Vallee & his Connecticut Yankees,As Time Goes By
4161,Rufus Thomas,Walkin' the Dog
1206,Run DMC & Aerosmith,Walk This Way
606,Run DMC & Jason Nevins,It's Like That
2122,Rupert Holmes,Escape (The Pina Colada Song)
3988,Russ Conway,Roulette
2382,Russ Morgan,Cruising Down the River
2594,Ruth Etting,Ten Cents a Dance
3048,Ryan Paris,Dolce Vita
2128,S Club 7,Don't Stop Movin'
4039,Sabrina,Boys (Summertime Love)
2106,Sade,Smooth Operator
3669,Sailor,A Glass of Champagne
1858,Salt-N-Pepa,Let's Talk About Sex
1781,Salt-N-Pepa & En Vogue,Whatta Man
3932,Salvatore Adamo,Inch'Allah (se Sio vuole)
2060,Sam & Dave,Soul Man
2940,Sam Brown,Stop
805,Sam Cooke,Wonderful World
3962,Sam Smith,Stay With Me
332,Sam The Sham & The Pharaohs,Wooly Bully
1467,Samantha Fox,Touch Me (I Want Your Body)
1834,Samantha Mumba,Gotta Tell You
1436,Samantha Sang,Emotion
2236,Sammy Davis Jr,Candy Man
1108,Sammy Kaye,Daddy
1636,Sandi Thom,I Wish I Was A Punk Rocker (With Flowers In My Hair)
694,Sandie Shaw,Puppet On a String
1286,Sandra,(I'll Never Be) Maria Magdalena
4870,Sandy Nelson,Let There Be Drums
664,Santa Esmerelda,Don't Let Me Be Misunderstood
423,Santana,Maria Maria
1331,Santana & Michelle Branch,The Game of Love
2314,Santo & Johnny,Sleep Walk
760,Sara Bareilles,Love Song
1625,Sarah Brightman & Andrea Bocelli,Time to Say Goodbye (Con Te Partiro)
2227,Sarah McLachlan,Angel
3497,Sash!,Encore Une Fois
206,Savage Garden,Truly Madly Deeply
351,Scatman John,Scatman (Ski-Ba-Bop-Ba-Dop-Bop)
2690,Scooter,The Logical Song
321,Scott McKenzie,San Francisco (Wear Some Flowers in Your Hair)
271,Seal,Kiss From a Rose
4190,Seals & Crofts,Summer Breeze
105,Sean Kingston,Beautiful Girls
749,Sean Paul,Temperature
2966,Seduction,Two To Make It Right
3369,Seether & Amy Lee,Broken
3877,September,Cry For You
4407,Sergio Mendes & The Black Eyed Peas,Mas Que Nada
2641,S-Express,Theme From 'SExpress'
247,Shaggy,Boombastic
297,Shaggy & Ricardo 'RikRok' Ducent,It Wasn't Me
2475,Shai,If I Ever Fall in Love
1031,Shakespear's Sister,Stay
2002,Shakin' Stevens,Oh Julie
72,Shakira,"Whenever, Wherever"
1669,Shakira & Freshly Ground,Waka Waka (This Time For Africa)
52,Shakira & Wyclef Jean,Hips don't lie
4215,Shalamar,The Second Time Around
4106,Shamen,Ebeneezer Goode
517,Shania Twain,You're Still the One
1448,Shanice,I Love Your Smile
3626,Shannon,Let the Music Play
3027,Shaun Cassidy,Da Doo Ron Ron (When He Walked Me Home)
3991,Shawn Colvin,Sunny Came Home
3986,Shawn Mullins,Lullaby
4394,Sheb Wooley,Purple People Eater
703,Sheena Easton,Morning Train (Nine to Five)
4596,Sheila E,A Love Bizarre
2348,Shelley Fabares,Johnny Angel
3699,Shep & the Limelites,Daddy's Home
3649,Shep Fields & his Rippling Rhythm Orchestra,South of the Border (Down Mexico Way)
2541,Sherbet,Howzat
291,Sheryl Crow,All I Wanna Do
791,Shirley & Company,"Shame, Shame, Shame"
1983,Shirley Bassey,Goldfinger
4010,Shirley Temple,On The Good Ship Lollipop
92,Shocking Blue,Venus
4315,Shontelle,Impossible
4186,Showaddywaddy,Under the Moon of Love
1815,Silk,Freak Me
4829,Silvana Mangano,Anna (The Baion)
753,Silver Convention,Fly Robin Fly
134,Simon & Garfunkel,Bridge Over Troubled Water
821,Simple Minds,Don't You (Forget About Me)
4437,Simple Plan,Welcome to My Life
910,Simply Red,If You Don't Know Me By Now
3,Sinead O'Connor,Nothing Compares 2 U
994,Singing Nun (Soeur Sourire),Dominique
3283,Sir Douglas Quintet,Mendocino
2040,Sir Mix-a-Lot,Baby Got Back
1423,Sisqo,Thong Song
956,Sister Sledge,We Are Family
415,Sixpence None The Richer,Kiss Me
4966,Skee-Lo,I Wish
1947,Skeeter Davis,The End of the World
4242,Skid Row,18 & Life
4515,Skyliners,Since I Don't Have You
3008,Slade,"Skweeze Me, Pleeze Me"
2860,Slim Whitman,Rose Marie
838,Sly & The Family Stone,Family Affair
3922,Sly Fox,Let's Go All the Way
1890,Smash Mouth,All Star
1149,Smokey Robinson,Tears of a Clown
2493,Smokey Robinson & The Miracles,Shop Around
861,Smokie,Living Next Door to Alice
395,Snap,Rhythm is a Dancer
4669,Sniff & The Tears,Driver's Seat
2578,Snoop Dogg,What's My Name?
1294,Snoop Dogg & Charlie Wilson & Justin Timberlake,Signs
688,Snoop Dogg & Pharrell Williams,Drop it Like It's Hot
4096,Snoop Dogg & Wiz Khalifa & Bruno Mars,Young Wild Free
117,Snow,Informer
2110,Snow Patrol,Chasing Cars
295,Soft Cell,Tainted Love
1439,Sonique,It Feels So Good
879,Sonny & Cher,I Got You Babe
3950,Sonny James,Young Love
2473,Sophie B Hawkins,"Damn, I Wish I Was Your Lover"
2549,Sophie Ellis-Bextor,Murder On the Dancefloor
2124,Sophie Tucker,Some of These Days
3724,SOS Band,Take Your Time (Do it Right)
663,Soul Asylum,Runaway Train
3221,Soul For Real,Candy Rain
1181,Soul II Soul,Back to Life (However Do You Want Me)
3385,Soul II Soul & Caron Wheeler,Keep On Moving
4303,Soulful Dynamics,Mademoiselle Ninette
2970,Soulja Boy,Crank That (soulja Boy)
4120,Soundgarden,Black Hole Sun
2209,Sousa's Band,Stars & Stripes Forever
1679,Space,Magic Fly
1069,Spandau Ballet,TRUE
1726,Spencer Davis Group,Gimme Some Lovin'
35,Spice Girls,Wannabe
1667,Spike Jones,All I Want For Christmas is my Two Front Teeth
1311,Spiller & Sophie Ellis-Bextor,Groovejet (If This Ain't Love)
3005,Split Enz,I Got You
3910,Stacey Q,Two Of Hearts
1999,Stacie Orrico,Stuck
1435,Staff Sergeant Barry Sadler,Ballad of the Green Berets
3310,Staind,It's Been Awhile
2374,Stan Freberg,St George & the Dragonette
2152,Stan Getz & Charlie Byrd,Desafinado (Slightly Out Of Tune)
1587,Stan Getz & Joao Gilberto,The Girl From Ipanema
3156,Stan Kenton,Artistry in Rhythm
2313,Stardust,Music Sounds Better With You
1556,Starland Vocal Band,Afternoon Delight
182,Starsound,Stars On 45
2432,Status Quo,Down Down
1583,Stealer's Wheel,Stuck in the Middle With You
1095,Steam,Na Na Hey Hey (Kiss Him Goodbye)
3190,Steely Dan,Rikki Don't Lose That Number
2574,Stephanie Mills,Never Knew Love Like This Before
820,Steppenwolf,Born to Be Wild
2682,Steve Harley & Cockney Rebel,Make Me Smile (Come Up & See Me)
3604,Steve Lawrence,Go Away Little Girl
208,Steve Miller Band,Abracadabra
3768,Steve Perry,Oh Sherrie
908,Steve Winwood,Higher Love
1179,Stevie B,Because I Love You (The Postman Song)
4546,Stevie Nicks & Tom Petty,Stop Draggin' My Heart Around
41,Stevie Wonder,I Just Called to Say I Love You
3562,Stevie Wonder & The Jackson 5,You Haven't Done Nothin'
1409,Sting,If I Ever Lose My Faith in You
2278,Sting & Cheb Mami,Desert Rose
4871,Stonewall Jackson,Waterloo
1546,Stories,Brother Louie
3515,Strawberry Alarm Clock,Incense & Peppermints
2228,String-A-Longs,Wheels
1266,Styx,Babe
3657,Sue Thompson,Norman
4733,Suede,Trash
1151,Sugar Ray,Every Morning
3502,Sugar Ray & Supercat,Fly
935,Sugarhill Gang,Rapper's Delight
3503,Sugarloaf,Green-eyed Lady
1240,Supertramp,The Logical Song
3650,Surface,The First Time
38,Survivor,Eye of the Tiger
3406,Sutherland Brothers & Quiver,Arms of Mary
1681,Suzanne Vega,Luka
1045,Suzi Quatro,Can the Can
4352,Sweet Sensation,Sad Sweet Dreamer
2294,Sweetbox,Everything's Gonna Be Alright
4260,Swing Out Sister,Am I the Same Girl
3407,Swinging Blue Jeans,Hippy Hippy Shake
2680,SWV,Weak
1830,Sylvers,Boogie Fever
4532,Sylvester,You Make Me Feel (Mighty Real)
4962,Sylvia Vanderpool,Pillow Talk
1127,T Rex,Get it On
119,t.A.T.u.,All the Things She Said
2216,T.I.,Whatever You Like
2206,T.I. & Justin Timberlake,Dead & Gone
1245,T.I. & Rihanna,Live Your Life
1276,Tab Hunter,Young Love
1507,Taco,Puttin' on the Ritz
1565,Tag Team,Whoomp! (There it Is)
392,Taio Cruz,Dynamite
1070,Taio Cruz & Ludacris,Break Your Heart
122,Take That,Back For Good
4210,Talking Heads,Road to Nowhere
1680,Tammy Wynette,Stand By Your Man
1872,Tasmin Archer,Sleeping Satellite
2013,Tavares,Heaven Must Be Missing an Angel
1425,Taylor Dayne,Tell it to My Heart
1773,Taylor Swift,We Are Never Ever Getting Back Together
4101,T-Bone Walker Quintet,Stormy Monday
3668,Teach-In,Ding-A-Dong
275,Tears For Fears,Shout
4579,Technohead,I Wanna Be a Hippy
889,Technotronic,Get Up (Before the Night is Over)
3269,Ted Lewis & his Orchestra,Just a Gigolo
1691,Ted Weems,Heartaches
1940,Tee Set,Ma belle amie
4359,Ten Sharp,You
197,Tennessee Ernie Ford,Sixteen Tons
1046,Terence Trent D'Arby,Wishing Well
298,Teresa Brewer,(Put Another Nickel In) Music! Music! Music!
3473,Terror Squad,Lean Back
83,Terry Jacks,Seasons in the Sun
3317,Terry Stafford,Suspicion
4483,Tevin Campbell,Tell Me What You Want Me To Do
1327,Tex Williams & The Western Caravan,Smoke! Smoke! Smoke! (That Cigarette)
3952,Texas,Say What You Want
2523,The Alan Parsons Project,Eye in the Sky
3479,The Allisons,Are You Sure?
4042,The Allman Brothers Band,Ramblin' Man
1195,The Ames Brothers,You You You
322,The Andrews Sisters,Rum & Coca-Cola
2519,The Angels,My Boyfriend's Back
193,The Animals,House of the Rising Sun
553,The B52s,Love Shack
185,The Backstreet Boys,I Want it That Way
261,The Bangles,Walk Like an Egyptian
1876,The Bay City Rollers,Saturday Night
190,The Beach Boys,Good Vibrations
2165,The Beastie Boys,Intergalactic
6,The Beatles,Hey Jude
55,The Black Eyed Peas,Where is the Love?
1242,The Boomtown Rats,I Don't Like Mondays
429,The Box Tops,The Letter
934,The Browns,The Three Bells (Les Trois Cloches)
3313,The Buckinghams,Kind of a Drag
310,The Byrds,Mr Tambourine Man
4424,The Caesars,Jerk it Out
1152,The Calling,Wherever You Will Go
769,The Cardigans,Lovefool
1290,The Cars,Drive
2729,The Carter Family,Wildwood Flower
2437,The Chemical Brothers,Galvanize
1766,The Chiffons,He's So Fine
3218,The Chi-Lites,Oh Girl
216,The Chordettes,Mister Sandman
2288,The Clash,Rock the Casbah
1984,The Coasters,Yakety Yak
504,The Commodores,Three Times a Lady
2514,The Communards,Don't Leave Me This Way
1917,The Corrs,Breathless
1287,The Cowsills,Hair
1056,The Cranberries,Zombie
278,The Crew-Cuts,Sh-Boom (Life Could Be a Dream)
1904,The Crystals,Then He Kissed Me
2746,The Cure,"Friday, I'm in Love"
2707,The Darkness,I Believe in a Thing Called Love
4085,The Del Vikings,Come Go With Me
4376,The Delfonics,La La La (Means I Love You)
1898,The Detroit Spinners,Working My Way Back to You
771,The Diamonds,Little Darlin'
3841,The Dixie Chicks,Not Ready To Make Nice
724,The Doobie Brothers,What a Fool Believes
457,The Doors,Light My Fire
4409,The Dovells,Bristol Stomp
463,The Drifters,Save the Last Dance For Me
1818,The Easybeats,Friday On My Mind
984,The Emotions,Best of My Love
3114,The Equals,Baby Come Back
1617,The Escape Club,Wild Wild West
460,The Eurythmics,Sweet Dreams (Are Made of This)
339,The Everly Brothers,Cathy's Clown
794,The Fireballs,Sugar Shack
1840,The Flamingos,I Only Have Eyes For You
2094,The Fleetwoods,Mr Blue
1755,The Floaters,Float On
3471,The Flying Pickets,Only You
4468,The Fontane Sisters,Heart of Stone
3268,The Foo Fighters,Best of You
3404,The Fortunes,You've Got Your Troubles
835,The Foundations,Build Me Up Buttercup
4364,The Four Knights,I Get So Lonely (When I Dream About You)
437,The Four Seasons,December 1963 (Oh What a Night)
546,The Four Tops,Reach Out (I'll Be There)
640,The Fray,How to Save a Life
88,The Fugees,Killing Me Softly With His Song
2605,The Game & 50 Cent,Hate it Or Love It
4727,The Gaylords,The Little Shoemaker
2795,The Go Gos,We Got The Beat
327,The Goo Goo Dolls,Iris
3183,The Heights,How Do You Talk To An Angel
739,The Hollies,The Air That I Breathe
2249,The Honeycombs,Have I the Right
3245,The Honeydrippers,Sea of Love
3558,The Housemartins,Caravan of Love
149,The Human League,Don't You Want Me
3496,The Imperials,Tears On My Pillow
1121,The Ink Spots,"We Three (My Echo, My Shadow & Me)"
2808,The Isley Brothers,Twist & Shout
803,The Jackson 5,I Want You Back
3084,"The Jackson 5, Mick Jagger & Michael Jackson",State of Shock
4486,The Jam,A Town Called Malice
4732,The Jaynettes,"Sally, Go 'Round the Roses"
2850,The Kaiser Chiefs,Ruby
569,The Kalin Twins,When
2238,The Killers,Human
152,The Kingston Trio,Tom Dooley
434,The Kinks,Lola
316,The Knack,My Sharona
2926,The Korgis,Everybody's Got to Learn Sometime
4624,The Left Banke,Walk Away Renee
1659,The Lemon Pipers,Green Tambourine
1673,The Lighthouse Family,High
375,The Mamas & The Papas,Monday Monday
450,The Manhattans,Kiss & Say Goodbye
4371,The Manic Street Preachers,If You Tolerate This Your Children Will Be Next
3772,The Marbles,Only One Woman
650,The Marcels,Blue Moon
2252,The Marvelettes,Please Mr Postman
1788,The McCoys,Hang On Sloopy
240,The Mills Brothers,Paper Doll
2688,The Mindbenders,A Groovy Kind of Love
3035,The Miracles,Love Machine
3840,The Mixtures,The Pushbike Song
65,The Monkees,I'm a Believer
656,The Moody Blues,Nights in White Satin
4234,The Music Explosion,Little Bit O' Soul
1017,The New Radicals,You Get What You Give
1077,The New Seekers,I'd Like to Teach the World to Sing
2454,The Newbeats,Bread & Butter
3448,"The Notorious BIG, P Diddy, Nelly, Jagged Edge & Avery Storm",Nasty Girl
2014,The O'Jays,Love Train
2008,The Orioles,Crying in the Chapel
4597,The Orlons,South Street
2007,The Osmonds,Crazy Horses
1705,The Outhere Brothers,Boom Boom Boom
828,The Partridge Family,I Think I Love You
2116,The Penguins,Earth Angel
260,The Pet Shop Boys,West End Girls
4497,The Pied Pipers,Dream
285,The Platters,Smoke Gets in Your Eyes
1628,The Pointer Sisters,Fire
17,The Police,Every Breath You Take
1011,The Pretenders,Brass In Pocket (I'm Special)
948,The Proclaimers,I'm Gonna Be (500 miles)
1260,The Prodigy,Breathe
109,The Pussycat Dolls,Don't Cha
1703,The Pussycat Dolls & Will.I.Am,Beep
4714,The Rays,Silhouettes
4082,The Real Thing,You to Me Are Everything
1314,The Rembrandts,I'll Be There For You
77,The Righteous Brothers,Unchained Melody
12,The Rolling Stones,(I Can't Get No) Satisfaction
2151,The Romantics,Talking in Your Sleep
449,The Ronettes,Be My Baby
2508,The Rooftop Singers,Walk Right In
4594,The Royal Philharmonic Orchestra,Hooked On Classics
1078,The Royal Scots Dragoon Guards,Amazing Grace
673,The Rubettes,Sugar Baby Love
4025,The Sandpipers,Guantanamera
3392,The Scaffold,Lily the Pink
466,The Scissor Sisters,I Don't Feel Like Dancin'
609,The Scorpions,Wind of Change
2986,The Script,For the First Time
3136,The Script & will.i.am,Hall Of Fame
2479,The Searchers,Needles & Pins
1296,The Seekers,Georgy Girl
4983,The Sex Pistols,God Save the Queen
1324,The Shadows,Apache
1336,The Shangri-Las,Leader of the Pack
1322,The Shirelles,Will You Love Me Tomorrow
3226,The Silhouettes,Get a Job
1142,The Simpsons,Do the Bartman
1644,The Small Faces,Itchycoo Park
1481,The Smashing Pumpkins,1979
2976,The Smurfs,The Smurf Song
1298,The Song Spinners,Comin' in on a Wing & a Prayer
3141,The Sons of the Pioneers,Tumbling Tumbleweeds
3340,The Specials,Ghost Town
1170,The Spin Doctors,Two Princes
2275,The Staple Singers,I'll Take You There
3553,The Stray Cats,Stray Cat Strut
4269,The Streets,Dry Your Eyes
1593,The Stylistics,You Make Me Feel Brand New
1006,The Sugababes,Push the Button
796,The Supremes,Where Did Our Love Go
1619,The Surfaris,Wipe Out
401,The Sweet,The Ballroom Blitz
2851,The Teddy Bears,To Know Him is to Love Him
671,The Temptations,My Girl
2496,The Thompson Twins,Hold Me Now
1186,The Three Degrees,When Will I See You Again?
3640,The Ting Tings,That's Not My Name
1885,The Tokens,The Lion Sleeps Tonight
358,The Tornados,Telstar
3024,The Toys,A Lover's Concerto
3454,The Trammps,Disco Inferno
1042,The Tremeloes,Silence is Golden
864,The Troggs,Wild Thing
1018,The Turtles,Happy Together
2459,The Tymes,So Much in Love
4889,The Undisputed Truth,Smiling Faces Sometimes
3638,The Vapors,Turning Japanese
1929,The Vengaboys,"Boom, Boom, Boom, Boom"
1580,The Ventures,Walk Don't Run
2237,The Veronicas,Untouched
669,The Verve,Bitter Sweet Symphony
40,The Village People,YMCA
3920,The Walker Brothers,The Sun Ain't Gonna Shine (Anymore)
4176,The Wallflowers,One Headlight
2171,The Wanted,Glad You Came
4949,The Weather Girls,It's Raining Men
2771,The Weavers,On Top of Old Smokey
3789,The Whispers,And the Beat Goes On
1670,The White Stripes,7 Nation Army
2111,The Who,My Generation
2298,The Yardbirds,For Your Love
1559,The Young Rascals,Groovin'
1937,The Zombies,Time of the Season
1405,Thelma Houston,Don't Leave Me This Way
2993,Thin Lizzy,The Boys Are Back in Town
1739,Third Eye Blind,Semi-Charmed Life
3037,Thomas Dolby,She Blinded Me With Science
451,Three Dog Night,Joy to the World
1701,Three Doors Down,Here Without You
519,Tiffany,I Think We're Alone Now
3614,Tight Fit,The Lion Sleeps Tonight
4330,Timbaland & Katy Perry,If We Ever Meet Again
402,Timbaland & Keri Hilson,The Way I Are
852,Timbaland & Nelly Furtado & Justin Timberlake,Give it to Me
110,Timbaland & OneRepublic,Apologize
4692,Timex Social Club,Rumors
4275,Timi Yuro,Hurt
2143,Timmy T,One More Try
1753,Timmy Thomas,Why Can't We Live Together?
4411,Tina Arena,Chains
2316,Tina Charles,I Love to Love
203,Tina Turner,What's Love Got to Do With It?
1635,Tinie Tempah & Eric Turner,Written in the Stars
4233,Tiziano Ferro,Perdono
135,TLC,No Scrubs
3046,Todd Rundgren,Hello It's Me
1911,Tom Cochrane,Life is a Highway
470,Tom Jones,She's a Lady
2619,Tom Jones & Art of Noise,Kiss
2447,Tom Jones & Mousse T,Sex Bomb
3744,Tom Petty & The Heartbreakers,Refugee
3291,Tommy Dorsey,Marie
762,Tommy Dorsey & Frank Sinatra,I'll Never Smile Again
660,Tommy Edwards,It's All in the Game
417,Tommy James & the Shondells,Crimson & Clover
3929,Tommy Page,I'll Be Your Everything
593,Tommy Roe,Dizzy
4274,Tommy Steele,Singing The Blues
1803,Tone Loc,Wild Thing
1201,Toni Basil,Mickey
192,Toni Braxton,Un-Break My Heart
603,Tony Bennett,Stranger in Paradise
2838,Tony Christie,(Is This the Way To) Amarillo
3659,Tony Martin,Stranger in Paradise
78,Tony Orlando & Dawn,Tie a Yellow Ribbon 'round the Old Oak Tree
1643,Tony Rich Project,Nobody Knows
3680,Tony! Toni! Tone!,If I Had No Loot
4237,Tori Amos,Professional Widow (It's Got To Be Big)
1315,Toto,Rosanna
3620,T-Pain,Mr Bartender
2478,T'Pau,China in Your Hand
3826,Tracey Ullman,They Don't Know
1036,Tracy Chapman,Fast Car
775,Train,Drops of Jupiter (Tell Me)
3818,Travie McCoy & Bruno Mars,Billionaire
2920,Travis,Sing
496,Trini Lopez,If I Had a Hammer
987,Trio,Da Da Da ich lieb dich nicht du liebst mich nicht aha aha aha
3863,Truth Hurts,Addictive
3765,Twista,Slow Jamz
3124,Typically Tropical,Barbados
157,U2,Beautiful Day
788,U2 & Green Day,The Saints are Coming
44,UB40,Can't Help Falling in Love
2378,UB40 & Chrissie Hynde,I Got You Babe
1589,Ugly Kid Joe,Cat's in the Cradle
3931,Ultra Nate,Free
2286,Ultravox,Vienna
2659,Umberto Tozzi,Ti Amo
534,Uncle Kracker,Follow Me
1835,Underworld,Born Slippy
1823,US3,Cantaloop (Flip Fantasia)
31,USA For Africa,We Are the World
14,Usher,Yeah!
751,Usher & Alicia Keys,My Boo
3143,Usher & Pitbull,DJ got us fallin' in love
810,Usher & will.i.am,OMG
781,Usher & Young Jeezy,Love In This Club
3824,Van & Schenck,Ain't We Got Fun?
409,Van Halen,Jump
773,Van McCoy,The Hustle
1581,Van Morrison,Brown Eyed Girl
405,Vanessa Carlton,A Thousand Miles
597,Vanessa Williams,Save the Best For Last
2061,Vangelis,Chariots of Fire
168,Vanilla Ice,Ice Ice Baby
3178,Various Artists,Perfect Day
59,Vaughn Monroe,(Ghost) Riders in the Sky
474,Vera Lynn,Auf Wiederseh'n Sweetheart
1270,Vernon Dalhart,The Prisoner's Song
4795,Vertical Horizon,Everything You Want
1146,Vic Damone,You're Breakin' My Heart
4252,Vicki Lawrence,The Night The Lights Went Out In Georgia
3217,Vicki Sue Robinson,Turn The Beat Around
3102,Vicky Leandros,Apres Toi
3554,Vikki Carr,It Must Be Him (Seul Sur Son Etoile)
1997,Visage,Fade to Grey
3391,Waldo De Los Rios,Mozart Symphony No 40 in G Minor
1051,Walter Murphy & The Big Apple Band,A Fifth of Beethoven
2748,Wang Chung,Everybody Have Fun Tonight
2812,War,Cisco Kid
4333,Warrant,Heaven
2989,Warren G,I Shot the Sheriff
3524,Warren G & Adina Howard,What's Love Got to Do With It?
1484,Warren G & Nate Dogg,Regulate
3516,Wayne Fontana & The Mindbenders,The Game of Love
4553,Wayne King,Dream a Little Dream of Me
3241,Wayne Newton,Daddy Don't You Walk So Fast
4168,Wayne Wonder,No Letting Go
4218,Weezer,Buddy Holly
4590,Wes,Alane
2407,Westlife,Swear it Again
233,Wet Wet Wet,Love is All Around
277,Wham!,Wake Me Up Before You Go Go
1746,Wheatus,Teenage Dirtbag
1802,Whigfield,Saturday Night
3670,Whistling Jack Smith,I Was Kaiser Bill's Batman
4259,White Plains,My Baby Loves Lovin'
1096,White Town,Your Woman
2571,Whitesnake,Here I Go Again
7,Whitney Houston,I Will Always Love You
2684,Whitney Houston & Enrique Iglesias,Could I Have This Kiss Forever
3010,Whitney Houston & Faith Evans & Kelly Price,Heartbreak Hotel
1226,Wilbert Harrison,Kansas City
1334,Wild Cherry,Play That Funky Music
3307,Will Glahe & his Orchestra,Beer Barrel Polka (Roll out the Barrel)
230,Will Smith,Men in Black
2037,Will To Power,"Baby, I Love Your Way"
1027,will.i.am & Britney Spears,Scream & Shout
2740,Willie Nelson,Always On My Mind
857,Wilson Phillips,Hold On
3349,Wilson Pickett,Land of 1000 Dances
372,Wings,Mull of Kintyre
4781,Wiz Khalifa,Black & Yellow
3314,Wizzard,See My Baby Jive
2367,Womack & Womack,Teardrops
1754,Woody Guthrie,This Land is Your Land
2045,Woody Herman,Blues in the Night
3434,Wreckx-N-Effect,Rump Shaker
2529,Wyclef Jean & Akon & Lil' Wayne,Sweetest Girl (dollar Bill)
4817,Wyclef Jean & Claudette Ortiz,Two Wrongs
3202,Wynonie Harris,Good Rockin' Tonight
4903,Xavier Cugat,Brazil (Aquarela do Brasil)
4107,Xscape,Just Kickin' It
2274,Yazoo,Don't Go
1059,Yazz & The Plastic Population,The Only Way is Up
4697,Yello,The Race
1138,Yes,Owner of a Lonely Heart
1040,Yolanda Be Cool & DCup,We No Speak Americano
2735,Young MC,Bust a Move
3308,Youngbloods,Get Together
800,Youssou N'Dour & Neneh Cherry,7 Seconds
1856,Yvonne Elliman,If I Can't Have You
219,Zager & Evans,In the Year 2525 (Exordium & Terminus)
3029,Zhane,Hey Mr DJ
4069,Zucchero Fornaciari & Paul Young,Senza Una Donna (Without a Woman)
3583,ZZ Top,Legs
